{"metaVersion":1,"host":"https://git.joinfirefish.org/firefish/emoji-gen","exportedAt":"2024-03-19T13:55:46.380980350-05:00","emojis":[{"downloaded":true,"fileName":"ms_alien.png","emoji":{"name":"ms_alien","category":"Mutant Standard - Smileys","aliases":[]}},{"downloaded":true,"fileName":"ms_alien_monster.png","emoji":{"name":"ms_alien_monster","category":"Mutant Standard - Smileys","aliases":[]}},{"downloaded":true,"fileName":"ms_angry.png","emoji":{"name":"ms_angry","category":"Mutant Standard - Smileys","aliases":[]}},{"downloaded":true,"fileName":"ms_anguished.png","emoji":{"name":"ms_anguished","category":"Mutant Standard - Smileys","aliases":[]}},{"downloaded":true,"fileName":"ms_asleep.png","emoji":{"name":"ms_asleep","category":"Mutant Standard - Smileys","aliases":[]}},{"downloaded":true,"fileName":"ms_astonished.png","emoji":{"name":"ms_astonished","category":"Mutant Standard - Smileys","aliases":[]}},{"downloaded":true,"fileName":"ms_bandaged.png","emoji":{"name":"ms_bandaged","category":"Mutant Standard - Smileys","aliases":[]}},{"downloaded":true,"fileName":"ms_blep.png","emoji":{"name":"ms_blep","category":"Mutant Standard - Smileys","aliases":[]}},{"downloaded":true,"fileName":"ms_blowing_a_kiss.png","emoji":{"name":"ms_blowing_a_kiss","category":"Mutant Standard - Smileys","aliases":[]}},{"downloaded":true,"fileName":"ms_blush_kiss.png","emoji":{"name":"ms_blush_kiss","category":"Mutant Standard - Smileys","aliases":[]}},{"downloaded":true,"fileName":"ms_blushing.png","emoji":{"name":"ms_blushing","category":"Mutant Standard - Smileys","aliases":[]}},{"downloaded":true,"fileName":"ms_cat_crying.png","emoji":{"name":"ms_cat_crying","category":"Mutant Standard - Smileys","aliases":[]}},{"downloaded":true,"fileName":"ms_cat_devious.png","emoji":{"name":"ms_cat_devious","category":"Mutant Standard - Smileys","aliases":[]}},{"downloaded":true,"fileName":"ms_cat_grin.png","emoji":{"name":"ms_cat_grin","category":"Mutant Standard - Smileys","aliases":[]}},{"downloaded":true,"fileName":"ms_cat_heart_eyes.png","emoji":{"name":"ms_cat_heart_eyes","category":"Mutant Standard - Smileys","aliases":[]}},{"downloaded":true,"fileName":"ms_cat_joy.png","emoji":{"name":"ms_cat_joy","category":"Mutant Standard - Smileys","aliases":[]}},{"downloaded":true,"fileName":"ms_cat_kiss.png","emoji":{"name":"ms_cat_kiss","category":"Mutant Standard - Smileys","aliases":[]}},{"downloaded":true,"fileName":"ms_cat_pouting.png","emoji":{"name":"ms_cat_pouting","category":"Mutant Standard - Smileys","aliases":[]}},{"downloaded":true,"fileName":"ms_cat_scream.png","emoji":{"name":"ms_cat_scream","category":"Mutant Standard - Smileys","aliases":[]}},{"downloaded":true,"fileName":"ms_cat_smile.png","emoji":{"name":"ms_cat_smile","category":"Mutant Standard - Smileys","aliases":[]}},{"downloaded":true,"fileName":"ms_closed_eyes_tongue.png","emoji":{"name":"ms_closed_eyes_tongue","category":"Mutant Standard - Smileys","aliases":[]}},{"downloaded":true,"fileName":"ms_clown.png","emoji":{"name":"ms_clown","category":"Mutant Standard - Smileys","aliases":[]}},{"downloaded":true,"fileName":"ms_cold.png","emoji":{"name":"ms_cold","category":"Mutant Standard - Smileys","aliases":[]}},{"downloaded":true,"fileName":"ms_cold_sweat.png","emoji":{"name":"ms_cold_sweat","category":"Mutant Standard - Smileys","aliases":[]}},{"downloaded":true,"fileName":"ms_concern.png","emoji":{"name":"ms_concern","category":"Mutant Standard - Smileys","aliases":[]}},{"downloaded":true,"fileName":"ms_confounded.png","emoji":{"name":"ms_confounded","category":"Mutant Standard - Smileys","aliases":[]}},{"downloaded":true,"fileName":"ms_content.png","emoji":{"name":"ms_content","category":"Mutant Standard - Smileys","aliases":[]}},{"downloaded":true,"fileName":"ms_cowhand.png","emoji":{"name":"ms_cowhand","category":"Mutant Standard - Smileys","aliases":[]}},{"downloaded":true,"fileName":"ms_crazy.png","emoji":{"name":"ms_crazy","category":"Mutant Standard - Smileys","aliases":[]}},{"downloaded":true,"fileName":"ms_crying.png","emoji":{"name":"ms_crying","category":"Mutant Standard - Smileys","aliases":[]}},{"downloaded":true,"fileName":"ms_dead.png","emoji":{"name":"ms_dead","category":"Mutant Standard - Smileys","aliases":[]}},{"downloaded":true,"fileName":"ms_diagonal_mouth.png","emoji":{"name":"ms_diagonal_mouth","category":"Mutant Standard - Smileys","aliases":[]}},{"downloaded":true,"fileName":"ms_disappointed.png","emoji":{"name":"ms_disappointed","category":"Mutant Standard - Smileys","aliases":[]}},{"downloaded":true,"fileName":"ms_disappointed_but_relieved.png","emoji":{"name":"ms_disappointed_but_relieved","category":"Mutant Standard - Smileys","aliases":[]}},{"downloaded":true,"fileName":"ms_disguised_face.png","emoji":{"name":"ms_disguised_face","category":"Mutant Standard - Smileys","aliases":[]}},{"downloaded":true,"fileName":"ms_dizzy_face.png","emoji":{"name":"ms_dizzy_face","category":"Mutant Standard - Smileys","aliases":[]}},{"downloaded":true,"fileName":"ms_drooling.png","emoji":{"name":"ms_drooling","category":"Mutant Standard - Smileys","aliases":[]}},{"downloaded":true,"fileName":"ms_exhale.png","emoji":{"name":"ms_exhale","category":"Mutant Standard - Smileys","aliases":[]}},{"downloaded":true,"fileName":"ms_exhausted.png","emoji":{"name":"ms_exhausted","category":"Mutant Standard - Smileys","aliases":[]}},{"downloaded":true,"fileName":"ms_expressionless.png","emoji":{"name":"ms_expressionless","category":"Mutant Standard - Smileys","aliases":[]}},{"downloaded":true,"fileName":"ms_face_with_thermometer.png","emoji":{"name":"ms_face_with_thermometer","category":"Mutant Standard - Smileys","aliases":[]}},{"downloaded":true,"fileName":"ms_face_without_mouth.png","emoji":{"name":"ms_face_without_mouth","category":"Mutant Standard - Smileys","aliases":[]}},{"downloaded":true,"fileName":"ms_flaming_poop.png","emoji":{"name":"ms_flaming_poop","category":"Mutant Standard - Smileys","aliases":[]}},{"downloaded":true,"fileName":"ms_flushed.png","emoji":{"name":"ms_flushed","category":"Mutant Standard - Smileys","aliases":[]}},{"downloaded":true,"fileName":"ms_frown.png","emoji":{"name":"ms_frown","category":"Mutant Standard - Smileys","aliases":[]}},{"downloaded":true,"fileName":"ms_frown_open_mouth.png","emoji":{"name":"ms_frown_open_mouth","category":"Mutant Standard - Smileys","aliases":[]}},{"downloaded":true,"fileName":"ms_ghost.png","emoji":{"name":"ms_ghost","category":"Mutant Standard - Smileys","aliases":[]}},{"downloaded":true,"fileName":"ms_grimace.png","emoji":{"name":"ms_grimace","category":"Mutant Standard - Smileys","aliases":[]}},{"downloaded":true,"fileName":"ms_grin.png","emoji":{"name":"ms_grin","category":"Mutant Standard - Smileys","aliases":[]}},{"downloaded":true,"fileName":"ms_grinning.png","emoji":{"name":"ms_grinning","category":"Mutant Standard - Smileys","aliases":[]}},{"downloaded":true,"fileName":"ms_grumpy_block.png","emoji":{"name":"ms_grumpy_block","category":"Mutant Standard - Smileys","aliases":[]}},{"downloaded":true,"fileName":"ms_halo.png","emoji":{"name":"ms_halo","category":"Mutant Standard - Smileys","aliases":[]}},{"downloaded":true,"fileName":"ms_hand_over_mouth.png","emoji":{"name":"ms_hand_over_mouth","category":"Mutant Standard - Smileys","aliases":[]}},{"downloaded":true,"fileName":"ms_hand_over_mouth_open_eyes.png","emoji":{"name":"ms_hand_over_mouth_open_eyes","category":"Mutant Standard - Smileys","aliases":[]}},{"downloaded":true,"fileName":"ms_happy_kiss.png","emoji":{"name":"ms_happy_kiss","category":"Mutant Standard - Smileys","aliases":[]}},{"downloaded":true,"fileName":"ms_head_shaking_horizontally.png","emoji":{"name":"ms_head_shaking_horizontally","category":"Mutant Standard - Smileys","aliases":[]}},{"downloaded":true,"fileName":"ms_head_shaking_vertically.png","emoji":{"name":"ms_head_shaking_vertically","category":"Mutant Standard - Smileys","aliases":[]}},{"downloaded":true,"fileName":"ms_headpats.png","emoji":{"name":"ms_headpats","category":"Mutant Standard - Smileys","aliases":[]}},{"downloaded":true,"fileName":"ms_heart_eyes.png","emoji":{"name":"ms_heart_eyes","category":"Mutant Standard - Smileys","aliases":[]}},{"downloaded":true,"fileName":"ms_holding_back_tears.png","emoji":{"name":"ms_holding_back_tears","category":"Mutant Standard - Smileys","aliases":[]}},{"downloaded":true,"fileName":"ms_hot.png","emoji":{"name":"ms_hot","category":"Mutant Standard - Smileys","aliases":[]}},{"downloaded":true,"fileName":"ms_hugging_face.png","emoji":{"name":"ms_hugging_face","category":"Mutant Standard - Smileys","aliases":[]}},{"downloaded":true,"fileName":"ms_hushed.png","emoji":{"name":"ms_hushed","category":"Mutant Standard - Smileys","aliases":[]}},{"downloaded":true,"fileName":"ms_imp_angry.png","emoji":{"name":"ms_imp_angry","category":"Mutant Standard - Smileys","aliases":[]}},{"downloaded":true,"fileName":"ms_imp_devious.png","emoji":{"name":"ms_imp_devious","category":"Mutant Standard - Smileys","aliases":[]}},{"downloaded":true,"fileName":"ms_jack_o_lantern.png","emoji":{"name":"ms_jack_o_lantern","category":"Mutant Standard - Smileys","aliases":[]}},{"downloaded":true,"fileName":"ms_joy.png","emoji":{"name":"ms_joy","category":"Mutant Standard - Smileys","aliases":[]}},{"downloaded":true,"fileName":"ms_kiss.png","emoji":{"name":"ms_kiss","category":"Mutant Standard - Smileys","aliases":[]}},{"downloaded":true,"fileName":"ms_laughing.png","emoji":{"name":"ms_laughing","category":"Mutant Standard - Smileys","aliases":[]}},{"downloaded":true,"fileName":"ms_lying_face.png","emoji":{"name":"ms_lying_face","category":"Mutant Standard - Smileys","aliases":[]}},{"downloaded":true,"fileName":"ms_medical_mask.png","emoji":{"name":"ms_medical_mask","category":"Mutant Standard - Smileys","aliases":[]}},{"downloaded":true,"fileName":"ms_mild_panic.png","emoji":{"name":"ms_mild_panic","category":"Mutant Standard - Smileys","aliases":[]}},{"downloaded":true,"fileName":"ms_mind_blown.png","emoji":{"name":"ms_mind_blown","category":"Mutant Standard - Smileys","aliases":[]}},{"downloaded":true,"fileName":"ms_money_face.png","emoji":{"name":"ms_money_face","category":"Mutant Standard - Smileys","aliases":[]}},{"downloaded":true,"fileName":"ms_monocle.png","emoji":{"name":"ms_monocle","category":"Mutant Standard - Smileys","aliases":[]}},{"downloaded":true,"fileName":"ms_nauseous.png","emoji":{"name":"ms_nauseous","category":"Mutant Standard - Smileys","aliases":[]}},{"downloaded":true,"fileName":"ms_nerd.png","emoji":{"name":"ms_nerd","category":"Mutant Standard - Smileys","aliases":[]}},{"downloaded":true,"fileName":"ms_neutral_face.png","emoji":{"name":"ms_neutral_face","category":"Mutant Standard - Smileys","aliases":[]}},{"downloaded":true,"fileName":"ms_open_mouth.png","emoji":{"name":"ms_open_mouth","category":"Mutant Standard - Smileys","aliases":[]}},{"downloaded":true,"fileName":"ms_outline_face.png","emoji":{"name":"ms_outline_face","category":"Mutant Standard - Smileys","aliases":[]}},{"downloaded":true,"fileName":"ms_party_face.png","emoji":{"name":"ms_party_face","category":"Mutant Standard - Smileys","aliases":[]}},{"downloaded":true,"fileName":"ms_pensive.png","emoji":{"name":"ms_pensive","category":"Mutant Standard - Smileys","aliases":[]}},{"downloaded":true,"fileName":"ms_persevering.png","emoji":{"name":"ms_persevering","category":"Mutant Standard - Smileys","aliases":[]}},{"downloaded":true,"fileName":"ms_pleading.png","emoji":{"name":"ms_pleading","category":"Mutant Standard - Smileys","aliases":[]}},{"downloaded":true,"fileName":"ms_poop.png","emoji":{"name":"ms_poop","category":"Mutant Standard - Smileys","aliases":[]}},{"downloaded":true,"fileName":"ms_raised_eyebrow.png","emoji":{"name":"ms_raised_eyebrow","category":"Mutant Standard - Smileys","aliases":[]}},{"downloaded":true,"fileName":"ms_relaxed.png","emoji":{"name":"ms_relaxed","category":"Mutant Standard - Smileys","aliases":[]}},{"downloaded":true,"fileName":"ms_robot.png","emoji":{"name":"ms_robot","category":"Mutant Standard - Smileys","aliases":[]}},{"downloaded":true,"fileName":"ms_rofl.png","emoji":{"name":"ms_rofl","category":"Mutant Standard - Smileys","aliases":[]}},{"downloaded":true,"fileName":"ms_rolling_eyes.png","emoji":{"name":"ms_rolling_eyes","category":"Mutant Standard - Smileys","aliases":[]}},{"downloaded":true,"fileName":"ms_saluting_face.png","emoji":{"name":"ms_saluting_face","category":"Mutant Standard - Smileys","aliases":[]}},{"downloaded":true,"fileName":"ms_scared.png","emoji":{"name":"ms_scared","category":"Mutant Standard - Smileys","aliases":[]}},{"downloaded":true,"fileName":"ms_scream.png","emoji":{"name":"ms_scream","category":"Mutant Standard - Smileys","aliases":[]}},{"downloaded":true,"fileName":"ms_shaking_face.png","emoji":{"name":"ms_shaking_face","category":"Mutant Standard - Smileys","aliases":[]}},{"downloaded":true,"fileName":"ms_shush.png","emoji":{"name":"ms_shush","category":"Mutant Standard - Smileys","aliases":[]}},{"downloaded":true,"fileName":"ms_skull.png","emoji":{"name":"ms_skull","category":"Mutant Standard - Smileys","aliases":[]}},{"downloaded":true,"fileName":"ms_skull_and_crossbones.png","emoji":{"name":"ms_skull_and_crossbones","category":"Mutant Standard - Smileys","aliases":[]}},{"downloaded":true,"fileName":"ms_sleepy.png","emoji":{"name":"ms_sleepy","category":"Mutant Standard - Smileys","aliases":[]}},{"downloaded":true,"fileName":"ms_slight_frown.png","emoji":{"name":"ms_slight_frown","category":"Mutant Standard - Smileys","aliases":[]}},{"downloaded":true,"fileName":"ms_slight_smile.png","emoji":{"name":"ms_slight_smile","category":"Mutant Standard - Smileys","aliases":[]}},{"downloaded":true,"fileName":"ms_smile.png","emoji":{"name":"ms_smile","category":"Mutant Standard - Smileys","aliases":[]}},{"downloaded":true,"fileName":"ms_smile_hearts.png","emoji":{"name":"ms_smile_hearts","category":"Mutant Standard - Smileys","aliases":[]}},{"downloaded":true,"fileName":"ms_smile_with_tear.png","emoji":{"name":"ms_smile_with_tear","category":"Mutant Standard - Smileys","aliases":[]}},{"downloaded":true,"fileName":"ms_smiley.png","emoji":{"name":"ms_smiley","category":"Mutant Standard - Smileys","aliases":[]}},{"downloaded":true,"fileName":"ms_smirk.png","emoji":{"name":"ms_smirk","category":"Mutant Standard - Smileys","aliases":[]}},{"downloaded":true,"fileName":"ms_sneeze.png","emoji":{"name":"ms_sneeze","category":"Mutant Standard - Smileys","aliases":[]}},{"downloaded":true,"fileName":"ms_sob.png","emoji":{"name":"ms_sob","category":"Mutant Standard - Smileys","aliases":[]}},{"downloaded":true,"fileName":"ms_soft.png","emoji":{"name":"ms_soft","category":"Mutant Standard - Smileys","aliases":[]}},{"downloaded":true,"fileName":"ms_starry_eyes.png","emoji":{"name":"ms_starry_eyes","category":"Mutant Standard - Smileys","aliases":[]}},{"downloaded":true,"fileName":"ms_stuck_out_tongue.png","emoji":{"name":"ms_stuck_out_tongue","category":"Mutant Standard - Smileys","aliases":[]}},{"downloaded":true,"fileName":"ms_sunglasses_face.png","emoji":{"name":"ms_sunglasses_face","category":"Mutant Standard - Smileys","aliases":[]}},{"downloaded":true,"fileName":"ms_swearing.png","emoji":{"name":"ms_swearing","category":"Mutant Standard - Smileys","aliases":[]}},{"downloaded":true,"fileName":"ms_sweat.png","emoji":{"name":"ms_sweat","category":"Mutant Standard - Smileys","aliases":[]}},{"downloaded":true,"fileName":"ms_sweat_smile.png","emoji":{"name":"ms_sweat_smile","category":"Mutant Standard - Smileys","aliases":[]}},{"downloaded":true,"fileName":"ms_tengu_mask.png","emoji":{"name":"ms_tengu_mask","category":"Mutant Standard - Smileys","aliases":[]}},{"downloaded":true,"fileName":"ms_thinking.png","emoji":{"name":"ms_thinking","category":"Mutant Standard - Smileys","aliases":[]}},{"downloaded":true,"fileName":"ms_triumph.png","emoji":{"name":"ms_triumph","category":"Mutant Standard - Smileys","aliases":[]}},{"downloaded":true,"fileName":"ms_unamused.png","emoji":{"name":"ms_unamused","category":"Mutant Standard - Smileys","aliases":[]}},{"downloaded":true,"fileName":"ms_unsure.png","emoji":{"name":"ms_unsure","category":"Mutant Standard - Smileys","aliases":[]}},{"downloaded":true,"fileName":"ms_upside_down.png","emoji":{"name":"ms_upside_down","category":"Mutant Standard - Smileys","aliases":[]}},{"downloaded":true,"fileName":"ms_uwu.png","emoji":{"name":"ms_uwu","category":"Mutant Standard - Smileys","aliases":[]}},{"downloaded":true,"fileName":"ms_very_angry.png","emoji":{"name":"ms_very_angry","category":"Mutant Standard - Smileys","aliases":[]}},{"downloaded":true,"fileName":"ms_vomiting.png","emoji":{"name":"ms_vomiting","category":"Mutant Standard - Smileys","aliases":[]}},{"downloaded":true,"fileName":"ms_weary.png","emoji":{"name":"ms_weary","category":"Mutant Standard - Smileys","aliases":[]}},{"downloaded":true,"fileName":"ms_wink.png","emoji":{"name":"ms_wink","category":"Mutant Standard - Smileys","aliases":[]}},{"downloaded":true,"fileName":"ms_wink_tongue.png","emoji":{"name":"ms_wink_tongue","category":"Mutant Standard - Smileys","aliases":[]}},{"downloaded":true,"fileName":"ms_woozy.png","emoji":{"name":"ms_woozy","category":"Mutant Standard - Smileys","aliases":[]}},{"downloaded":true,"fileName":"ms_worried.png","emoji":{"name":"ms_worried","category":"Mutant Standard - Smileys","aliases":[]}},{"downloaded":true,"fileName":"ms_yawn.png","emoji":{"name":"ms_yawn","category":"Mutant Standard - Smileys","aliases":[]}},{"downloaded":true,"fileName":"ms_yum.png","emoji":{"name":"ms_yum","category":"Mutant Standard - Smileys","aliases":[]}},{"downloaded":true,"fileName":"ms_zippy_face.png","emoji":{"name":"ms_zippy_face","category":"Mutant Standard - Smileys","aliases":[]}}]}