{"metaVersion":1,"host":"https://git.joinfirefish.org/firefish/emoji-gen","exportedAt":"2024-03-08T10:44:46.332213243-06:00","emojis":[{"downloaded":true,"fileName":"ablobnomcookie.gif","emoji":{"name":"ablobnomcookie","category":"Blobs","aliases":[]}},{"downloaded":true,"fileName":"ablobbonk.gif","emoji":{"name":"ablobbonk","category":"Blobs","aliases":[]}},{"downloaded":true,"fileName":"blobbonk.png","emoji":{"name":"blobbonk","category":"Blobs","aliases":[]}},{"downloaded":true,"fileName":"blobnote.png","emoji":{"name":"blobnote","category":"Blobs","aliases":[]}},{"downloaded":true,"fileName":"ablobnote.gif","emoji":{"name":"ablobnote","category":"Blobs","aliases":[]}},{"downloaded":true,"fileName":"blobsquare.png","emoji":{"name":"blobsquare","category":"Blobs","aliases":[]}},{"downloaded":true,"fileName":"blobmousetrap.png","emoji":{"name":"blobmousetrap","category":"Blobs","aliases":[]}},{"downloaded":true,"fileName":"ablobnervous2.gif","emoji":{"name":"ablobnervous2","category":"Blobs","aliases":[]}},{"downloaded":true,"fileName":"blobhmpf.png","emoji":{"name":"blobhmpf","category":"Blobs","aliases":[]}},{"downloaded":true,"fileName":"blob3cuwu.png","emoji":{"name":"blob3cuwu","category":"Blobs","aliases":[]}},{"downloaded":true,"fileName":"blobglareannoyed.png","emoji":{"name":"blobglareannoyed","category":"Blobs","aliases":[]}},{"downloaded":true,"fileName":"ablobsaxophone.gif","emoji":{"name":"ablobsaxophone","category":"Blobs","aliases":[]}},{"downloaded":true,"fileName":"blobdizzy2.png","emoji":{"name":"blobdizzy2","category":"Blobs","aliases":[]}},{"downloaded":true,"fileName":"ablobwavesob.gif","emoji":{"name":"ablobwavesob","category":"Blobs","aliases":[]}},{"downloaded":true,"fileName":"blobwavesob.png","emoji":{"name":"blobwavesob","category":"Blobs","aliases":[]}},{"downloaded":true,"fileName":"ablobreachsob.gif","emoji":{"name":"ablobreachsob","category":"Blobs","aliases":[]}},{"downloaded":true,"fileName":"blobnomnom.png","emoji":{"name":"blobnomnom","category":"Blobs","aliases":[]}},{"downloaded":true,"fileName":"blobaffection.png","emoji":{"name":"blobaffection","category":"Blobs","aliases":[]}},{"downloaded":true,"fileName":"ablobsleeping.gif","emoji":{"name":"ablobsleeping","category":"Blobs","aliases":[]}},{"downloaded":true,"fileName":"ablobpainrain.gif","emoji":{"name":"ablobpainrain","category":"Blobs","aliases":[]}},{"downloaded":true,"fileName":"ablobnodfast.gif","emoji":{"name":"ablobnodfast","category":"Blobs","aliases":[]}},{"downloaded":true,"fileName":"ablobbouncefast.gif","emoji":{"name":"ablobbouncefast","category":"Blobs","aliases":[]}},{"downloaded":true,"fileName":"blobtrans.png","emoji":{"name":"blobtrans","category":"Blobs","aliases":[]}},{"downloaded":true,"fileName":"ablobtrans.gif","emoji":{"name":"ablobtrans","category":"Blobs","aliases":[]}},{"downloaded":true,"fileName":"arainblob.gif","emoji":{"name":"arainblob","category":"Blobs","aliases":[]}},{"downloaded":true,"fileName":"ablobjam.gif","emoji":{"name":"ablobjam","category":"Blobs","aliases":[]}},{"downloaded":true,"fileName":"blobwoahopenmouth.png","emoji":{"name":"blobwoahopenmouth","category":"Blobs","aliases":[]}},{"downloaded":true,"fileName":"blobsus.png","emoji":{"name":"blobsus","category":"Blobs","aliases":[]}},{"downloaded":true,"fileName":"blobslightsmile.png","emoji":{"name":"blobslightsmile","category":"Blobs","aliases":[]}},{"downloaded":true,"fileName":"ablobglitch.gif","emoji":{"name":"ablobglitch","category":"Blobs","aliases":[]}},{"downloaded":true,"fileName":"blobgrumpy.png","emoji":{"name":"blobgrumpy","category":"Blobs","aliases":[]}},{"downloaded":true,"fileName":"ablobsurpriseblush.gif","emoji":{"name":"ablobsurpriseblush","category":"Blobs","aliases":[]}},{"downloaded":true,"fileName":"ablobnod.gif","emoji":{"name":"ablobnod","category":"Blobs","aliases":[]}},{"downloaded":true,"fileName":"bloberm.png","emoji":{"name":"bloberm","category":"Blobs","aliases":[]}},{"downloaded":true,"fileName":"googleredheart.png","emoji":{"name":"googleredheart","category":"Blobs","aliases":[]}},{"downloaded":true,"fileName":"ablobabducted.gif","emoji":{"name":"ablobabducted","category":"Blobs","aliases":[]}},{"downloaded":true,"fileName":"ablobgiggle.gif","emoji":{"name":"ablobgiggle","category":"Blobs","aliases":[]}},{"downloaded":true,"fileName":"ablobsmooch.gif","emoji":{"name":"ablobsmooch","category":"Blobs","aliases":[]}},{"downloaded":true,"fileName":"ablobanvil.gif","emoji":{"name":"ablobanvil","category":"Blobs","aliases":[]}},{"downloaded":true,"fileName":"ablobbounce.gif","emoji":{"name":"ablobbounce","category":"Blobs","aliases":[]}},{"downloaded":true,"fileName":"blobreachfront.png","emoji":{"name":"blobreachfront","category":"Blobs","aliases":[]}},{"downloaded":true,"fileName":"googlegift.png","emoji":{"name":"googlegift","category":"Blobs","aliases":[]}},{"downloaded":true,"fileName":"googlechristmastree.png","emoji":{"name":"googlechristmastree","category":"Blobs","aliases":[]}},{"downloaded":true,"fileName":"ablobaww.gif","emoji":{"name":"ablobaww","category":"Blobs","aliases":[]}},{"downloaded":true,"fileName":"blobaww.png","emoji":{"name":"blobaww","category":"Blobs","aliases":[]}},{"downloaded":true,"fileName":"blobsweatsweary.png","emoji":{"name":"blobsweatsweary","category":"Blobs","aliases":[]}},{"downloaded":true,"fileName":"ablobplsnospam.gif","emoji":{"name":"ablobplsnospam","category":"Blobs","aliases":[]}},{"downloaded":true,"fileName":"blobcomfort.png","emoji":{"name":"blobcomfort","category":"Blobs","aliases":[]}},{"downloaded":true,"fileName":"blobpanic2.png","emoji":{"name":"blobpanic2","category":"Blobs","aliases":[]}},{"downloaded":true,"fileName":"blobangrypuff.png","emoji":{"name":"blobangrypuff","category":"Blobs","aliases":[]}},{"downloaded":true,"fileName":"blobreachfrown.png","emoji":{"name":"blobreachfrown","category":"Blobs","aliases":[]}},{"downloaded":true,"fileName":"ablobwhistle.gif","emoji":{"name":"ablobwhistle","category":"Blobs","aliases":[]}},{"downloaded":true,"fileName":"ablobshrug.gif","emoji":{"name":"ablobshrug","category":"Blobs","aliases":[]}},{"downloaded":true,"fileName":"blobowosquint.png","emoji":{"name":"blobowosquint","category":"Blobs","aliases":[]}},{"downloaded":true,"fileName":"blob3cevil.png","emoji":{"name":"blob3cevil","category":"Blobs","aliases":[]}},{"downloaded":true,"fileName":"blobbathtub.png","emoji":{"name":"blobbathtub","category":"Blobs","aliases":[]}},{"downloaded":true,"fileName":"ablobeyesup.gif","emoji":{"name":"ablobeyesup","category":"Blobs","aliases":[]}},{"downloaded":true,"fileName":"ablobeyesdown.gif","emoji":{"name":"ablobeyesdown","category":"Blobs","aliases":[]}},{"downloaded":true,"fileName":"blobovo.png","emoji":{"name":"blobovo","category":"Blobs","aliases":[]}},{"downloaded":true,"fileName":"blobono.png","emoji":{"name":"blobono","category":"Blobs","aliases":[]}},{"downloaded":true,"fileName":"blobangry2.png","emoji":{"name":"blobangry2","category":"Blobs","aliases":[]}},{"downloaded":true,"fileName":"blobomo.png","emoji":{"name":"blobomo","category":"Blobs","aliases":[]}},{"downloaded":true,"fileName":"ablobpeek.gif","emoji":{"name":"ablobpeek","category":"Blobs","aliases":[]}},{"downloaded":true,"fileName":"ablobmicrophone.gif","emoji":{"name":"ablobmicrophone","category":"Blobs","aliases":[]}},{"downloaded":true,"fileName":"ablobkeyboard.gif","emoji":{"name":"ablobkeyboard","category":"Blobs","aliases":[]}},{"downloaded":true,"fileName":"ablobguitar.gif","emoji":{"name":"ablobguitar","category":"Blobs","aliases":[]}},{"downloaded":true,"fileName":"ablobdrum.gif","emoji":{"name":"ablobdrum","category":"Blobs","aliases":[]}},{"downloaded":true,"fileName":"ablobbass.gif","emoji":{"name":"ablobbass","category":"Blobs","aliases":[]}},{"downloaded":true,"fileName":"blobsmiletear.png","emoji":{"name":"blobsmiletear","category":"Blobs","aliases":[]}},{"downloaded":true,"fileName":"blobparty.png","emoji":{"name":"blobparty","category":"Blobs","aliases":[]}},{"downloaded":true,"fileName":"ablobparty.gif","emoji":{"name":"ablobparty","category":"Blobs","aliases":[]}},{"downloaded":true,"fileName":"blobthinkingglare.png","emoji":{"name":"blobthinkingglare","category":"Blobs","aliases":[]}},{"downloaded":true,"fileName":"blobpartlysunny.png","emoji":{"name":"blobpartlysunny","category":"Blobs","aliases":[]}},{"downloaded":true,"fileName":"blobmorning.png","emoji":{"name":"blobmorning","category":"Blobs","aliases":[]}},{"downloaded":true,"fileName":"blobnight.png","emoji":{"name":"blobnight","category":"Blobs","aliases":[]}},{"downloaded":true,"fileName":"ablobthinkingeyes.gif","emoji":{"name":"ablobthinkingeyes","category":"Blobs","aliases":[]}},{"downloaded":true,"fileName":"blobthinkingeyes.png","emoji":{"name":"blobthinkingeyes","category":"Blobs","aliases":[]}},{"downloaded":true,"fileName":"blobcocoa.png","emoji":{"name":"blobcocoa","category":"Blobs","aliases":[]}},{"downloaded":true,"fileName":"ablobstare.gif","emoji":{"name":"ablobstare","category":"Blobs","aliases":[]}},{"downloaded":true,"fileName":"ablobenjoysnow.gif","emoji":{"name":"ablobenjoysnow","category":"Blobs","aliases":[]}},{"downloaded":true,"fileName":"ablobenjoy.gif","emoji":{"name":"ablobenjoy","category":"Blobs","aliases":[]}},{"downloaded":true,"fileName":"ablobpropeller.gif","emoji":{"name":"ablobpropeller","category":"Blobs","aliases":[]}},{"downloaded":true,"fileName":"blobblush.png","emoji":{"name":"blobblush","category":"Blobs","aliases":[]}},{"downloaded":true,"fileName":"blobhyperthink.png","emoji":{"name":"blobhyperthink","category":"Blobs","aliases":[]}},{"downloaded":true,"fileName":"wolfiriblob.png","emoji":{"name":"wolfiriblob","category":"Blobs","aliases":[]}},{"downloaded":true,"fileName":"feelsblobman.png","emoji":{"name":"feelsblobman","category":"Blobs","aliases":[]}},{"downloaded":true,"fileName":"b4nzyblob.png","emoji":{"name":"b4nzyblob","category":"Blobs","aliases":[]}},{"downloaded":true,"fileName":"blobkissheart.png","emoji":{"name":"blobkissheart","category":"Blobs","aliases":[]}},{"downloaded":true,"fileName":"b1nzyblob.png","emoji":{"name":"b1nzyblob","category":"Blobs","aliases":[]}},{"downloaded":true,"fileName":"blobsad.png","emoji":{"name":"blobsad","category":"Blobs","aliases":[]}},{"downloaded":true,"fileName":"blobnom.png","emoji":{"name":"blobnom","category":"Blobs","aliases":[]}},{"downloaded":true,"fileName":"ablobreachreverse.gif","emoji":{"name":"ablobreachreverse","category":"Blobs","aliases":[]}},{"downloaded":true,"fileName":"thinkingwithblobs.png","emoji":{"name":"thinkingwithblobs","category":"Blobs","aliases":[]}},{"downloaded":true,"fileName":"ablobthinkingfast.gif","emoji":{"name":"ablobthinkingfast","category":"Blobs","aliases":[]}},{"downloaded":true,"fileName":"ablobuwu.gif","emoji":{"name":"ablobuwu","category":"Blobs","aliases":[]}},{"downloaded":true,"fileName":"ablobreach.gif","emoji":{"name":"ablobreach","category":"Blobs","aliases":[]}},{"downloaded":true,"fileName":"ablobnom.gif","emoji":{"name":"ablobnom","category":"Blobs","aliases":[]}},{"downloaded":true,"fileName":"ablobcheer.gif","emoji":{"name":"ablobcheer","category":"Blobs","aliases":[]}},{"downloaded":true,"fileName":"ablobkiss.gif","emoji":{"name":"ablobkiss","category":"Blobs","aliases":[]}},{"downloaded":true,"fileName":"ablobhearteyes.gif","emoji":{"name":"ablobhearteyes","category":"Blobs","aliases":[]}},{"downloaded":true,"fileName":"ablobrollbounce.gif","emoji":{"name":"ablobrollbounce","category":"Blobs","aliases":[]}},{"downloaded":true,"fileName":"ablobglarezoom.gif","emoji":{"name":"ablobglarezoom","category":"Blobs","aliases":[]}},{"downloaded":true,"fileName":"blobreachreverse.png","emoji":{"name":"blobreachreverse","category":"Blobs","aliases":[]}},{"downloaded":true,"fileName":"blobreach.png","emoji":{"name":"blobreach","category":"Blobs","aliases":[]}},{"downloaded":true,"fileName":"bolb.png","emoji":{"name":"bolb","category":"Blobs","aliases":[]}},{"downloaded":true,"fileName":"ablobjoy.gif","emoji":{"name":"ablobjoy","category":"Blobs","aliases":[]}},{"downloaded":true,"fileName":"blobheart.png","emoji":{"name":"blobheart","category":"Blobs","aliases":[]}},{"downloaded":true,"fileName":"ablobthinking.gif","emoji":{"name":"ablobthinking","category":"Blobs","aliases":[]}},{"downloaded":true,"fileName":"acongablob.gif","emoji":{"name":"acongablob","category":"Blobs","aliases":[]}},{"downloaded":true,"fileName":"abloblurk.gif","emoji":{"name":"abloblurk","category":"Blobs","aliases":[]}},{"downloaded":true,"fileName":"ablobsquish.gif","emoji":{"name":"ablobsquish","category":"Blobs","aliases":[]}},{"downloaded":true,"fileName":"b1nzyblob2.png","emoji":{"name":"b1nzyblob2","category":"Blobs","aliases":[]}},{"downloaded":true,"fileName":"ab1nzyblob2.gif","emoji":{"name":"ab1nzyblob2","category":"Blobs","aliases":[]}},{"downloaded":true,"fileName":"ablobattention.gif","emoji":{"name":"ablobattention","category":"Blobs","aliases":[]}},{"downloaded":true,"fileName":"ablobattentionreverse.gif","emoji":{"name":"ablobattentionreverse","category":"Blobs","aliases":[]}},{"downloaded":true,"fileName":"blobcheer.png","emoji":{"name":"blobcheer","category":"Blobs","aliases":[]}},{"downloaded":true,"fileName":"blobglare.png","emoji":{"name":"blobglare","category":"Blobs","aliases":[]}},{"downloaded":true,"fileName":"blobowo.png","emoji":{"name":"blobowo","category":"Blobs","aliases":[]}},{"downloaded":true,"fileName":"blobowoevil.png","emoji":{"name":"blobowoevil","category":"Blobs","aliases":[]}},{"downloaded":true,"fileName":"blobsweats.png","emoji":{"name":"blobsweats","category":"Blobs","aliases":[]}},{"downloaded":true,"fileName":"blobthumbsup.png","emoji":{"name":"blobthumbsup","category":"Blobs","aliases":[]}},{"downloaded":true,"fileName":"blobuwu.png","emoji":{"name":"blobuwu","category":"Blobs","aliases":[]}},{"downloaded":true,"fileName":"notlikeblob.png","emoji":{"name":"notlikeblob","category":"Blobs","aliases":[]}},{"downloaded":true,"fileName":"awolfiriblob.gif","emoji":{"name":"awolfiriblob","category":"Blobs","aliases":[]}},{"downloaded":true,"fileName":"ablobpanic.gif","emoji":{"name":"ablobpanic","category":"Blobs","aliases":[]}},{"downloaded":true,"fileName":"blobthinking.png","emoji":{"name":"blobthinking","category":"Blobs","aliases":[]}},{"downloaded":true,"fileName":"aphotoblob.gif","emoji":{"name":"aphotoblob","category":"Blobs","aliases":[]}},{"downloaded":true,"fileName":"blobpolice.png","emoji":{"name":"blobpolice","category":"Blobs","aliases":[]}},{"downloaded":true,"fileName":"blob.png","emoji":{"name":"blob","category":"Blobs","aliases":[]}},{"downloaded":true,"fileName":"photoblob.png","emoji":{"name":"photoblob","category":"Blobs","aliases":[]}},{"downloaded":true,"fileName":"blobbanhammer.png","emoji":{"name":"blobbanhammer","category":"Blobs","aliases":[]}},{"downloaded":true,"fileName":"blobpats.png","emoji":{"name":"blobpats","category":"Blobs","aliases":[]}},{"downloaded":true,"fileName":"ablobpats.gif","emoji":{"name":"ablobpats","category":"Blobs","aliases":[]}},{"downloaded":true,"fileName":"blobsnuggle.png","emoji":{"name":"blobsnuggle","category":"Blobs","aliases":[]}},{"downloaded":true,"fileName":"ablobglarezoombutfast.gif","emoji":{"name":"ablobglarezoombutfast","category":"Blobs","aliases":[]}},{"downloaded":true,"fileName":"ablobowo.gif","emoji":{"name":"ablobowo","category":"Blobs","aliases":[]}},{"downloaded":true,"fileName":"ablobhype.gif","emoji":{"name":"ablobhype","category":"Blobs","aliases":[]}},{"downloaded":true,"fileName":"ablobsweats.gif","emoji":{"name":"ablobsweats","category":"Blobs","aliases":[]}},{"downloaded":true,"fileName":"apartyblob.gif","emoji":{"name":"apartyblob","category":"Blobs","aliases":[]}},{"downloaded":true,"fileName":"bloblul.png","emoji":{"name":"bloblul","category":"Blobs","aliases":[]}},{"downloaded":true,"fileName":"blobmelt.png","emoji":{"name":"blobmelt","category":"Blobs","aliases":[]}},{"downloaded":true,"fileName":"ablobwave.gif","emoji":{"name":"ablobwave","category":"Blobs","aliases":[]}},{"downloaded":true,"fileName":"ablobwavereverse.gif","emoji":{"name":"ablobwavereverse","category":"Blobs","aliases":[]}},{"downloaded":true,"fileName":"blobthinkingdown.png","emoji":{"name":"blobthinkingdown","category":"Blobs","aliases":[]}},{"downloaded":true,"fileName":"blobpopcorn.png","emoji":{"name":"blobpopcorn","category":"Blobs","aliases":[]}},{"downloaded":true,"fileName":"ablobpopcorn.gif","emoji":{"name":"ablobpopcorn","category":"Blobs","aliases":[]}},{"downloaded":true,"fileName":"ablobthinkzerogravity.gif","emoji":{"name":"ablobthinkzerogravity","category":"Blobs","aliases":[]}},{"downloaded":true,"fileName":"ablobbanhammer.gif","emoji":{"name":"ablobbanhammer","category":"Blobs","aliases":[]}},{"downloaded":true,"fileName":"ablobsalute.gif","emoji":{"name":"ablobsalute","category":"Blobs","aliases":[]}},{"downloaded":true,"fileName":"blobsalute.png","emoji":{"name":"blobsalute","category":"Blobs","aliases":[]}},{"downloaded":true,"fileName":"greentick.png","emoji":{"name":"greentick","category":"Blobs","aliases":[]}},{"downloaded":true,"fileName":"redtick.png","emoji":{"name":"redtick","category":"Blobs","aliases":[]}},{"downloaded":true,"fileName":"ablobhologram.gif","emoji":{"name":"ablobhologram","category":"Blobs","aliases":[]}},{"downloaded":true,"fileName":"ablobnwn.gif","emoji":{"name":"ablobnwn","category":"Blobs","aliases":[]}},{"downloaded":true,"fileName":"ablobcongarollbounce.gif","emoji":{"name":"ablobcongarollbounce","category":"Blobs","aliases":[]}},{"downloaded":true,"fileName":"blobangery.png","emoji":{"name":"blobangery","category":"Blobs","aliases":[]}},{"downloaded":true,"fileName":"blobwoah.png","emoji":{"name":"blobwoah","category":"Blobs","aliases":[]}},{"downloaded":true,"fileName":"blobdead.png","emoji":{"name":"blobdead","category":"Blobs","aliases":[]}},{"downloaded":true,"fileName":"blobfacepalm.png","emoji":{"name":"blobfacepalm","category":"Blobs","aliases":[]}},{"downloaded":true,"fileName":"blobwob.png","emoji":{"name":"blobwob","category":"Blobs","aliases":[]}},{"downloaded":true,"fileName":"blobspy.png","emoji":{"name":"blobspy","category":"Blobs","aliases":[]}},{"downloaded":true,"fileName":"blobamused.png","emoji":{"name":"blobamused","category":"Blobs","aliases":[]}},{"downloaded":true,"fileName":"blobderpy.png","emoji":{"name":"blobderpy","category":"Blobs","aliases":[]}},{"downloaded":true,"fileName":"blobderpyhappy.png","emoji":{"name":"blobderpyhappy","category":"Blobs","aliases":[]}},{"downloaded":true,"fileName":"blobembarrassed.png","emoji":{"name":"blobembarrassed","category":"Blobs","aliases":[]}},{"downloaded":true,"fileName":"blobmeltsob.png","emoji":{"name":"blobmeltsob","category":"Blobs","aliases":[]}},{"downloaded":true,"fileName":"blobooh.png","emoji":{"name":"blobooh","category":"Blobs","aliases":[]}},{"downloaded":true,"fileName":"blobmeltblush.png","emoji":{"name":"blobmeltblush","category":"Blobs","aliases":[]}},{"downloaded":true,"fileName":"blobrage.png","emoji":{"name":"blobrage","category":"Blobs","aliases":[]}},{"downloaded":true,"fileName":"blobsip.png","emoji":{"name":"blobsip","category":"Blobs","aliases":[]}},{"downloaded":true,"fileName":"blobgo.png","emoji":{"name":"blobgo","category":"Blobs","aliases":[]}},{"downloaded":true,"fileName":"blobstop.png","emoji":{"name":"blobstop","category":"Blobs","aliases":[]}},{"downloaded":true,"fileName":"blobdoubt.png","emoji":{"name":"blobdoubt","category":"Blobs","aliases":[]}},{"downloaded":true,"fileName":"blobwaitwhat.png","emoji":{"name":"blobwaitwhat","category":"Blobs","aliases":[]}},{"downloaded":true,"fileName":"blobcmereyou.png","emoji":{"name":"blobcmereyou","category":"Blobs","aliases":[]}},{"downloaded":true,"fileName":"blobsob.png","emoji":{"name":"blobsob","category":"Blobs","aliases":[]}},{"downloaded":true,"fileName":"blobwhistle.png","emoji":{"name":"blobwhistle","category":"Blobs","aliases":[]}},{"downloaded":true,"fileName":"blobthinkingfast.png","emoji":{"name":"blobthinkingfast","category":"Blobs","aliases":[]}},{"downloaded":true,"fileName":"blobhyperthinkfast.png","emoji":{"name":"blobhyperthinkfast","category":"Blobs","aliases":[]}},{"downloaded":true,"fileName":"blobthumbsdown.png","emoji":{"name":"blobthumbsdown","category":"Blobs","aliases":[]}},{"downloaded":true,"fileName":"blobnerd.png","emoji":{"name":"blobnerd","category":"Blobs","aliases":[]}},{"downloaded":true,"fileName":"blobdoubtful.png","emoji":{"name":"blobdoubtful","category":"Blobs","aliases":[]}},{"downloaded":true,"fileName":"blobdrool.png","emoji":{"name":"blobdrool","category":"Blobs","aliases":[]}},{"downloaded":true,"fileName":"blobgiggle.png","emoji":{"name":"blobgiggle","category":"Blobs","aliases":[]}},{"downloaded":true,"fileName":"blobshh.png","emoji":{"name":"blobshh","category":"Blobs","aliases":[]}},{"downloaded":true,"fileName":"blobsneezing.png","emoji":{"name":"blobsneezing","category":"Blobs","aliases":[]}},{"downloaded":true,"fileName":"blobthonkang.png","emoji":{"name":"blobthonkang","category":"Blobs","aliases":[]}},{"downloaded":true,"fileName":"ablobrage.gif","emoji":{"name":"ablobrage","category":"Blobs","aliases":[]}},{"downloaded":true,"fileName":"ablobmeltsoblove.gif","emoji":{"name":"ablobmeltsoblove","category":"Blobs","aliases":[]}},{"downloaded":true,"fileName":"ablobderpyhappy.gif","emoji":{"name":"ablobderpyhappy","category":"Blobs","aliases":[]}},{"downloaded":true,"fileName":"ablobderpy.gif","emoji":{"name":"ablobderpy","category":"Blobs","aliases":[]}},{"downloaded":true,"fileName":"abongoblob.gif","emoji":{"name":"abongoblob","category":"Blobs","aliases":[]}},{"downloaded":true,"fileName":"adontfeelsoblob.gif","emoji":{"name":"adontfeelsoblob","category":"Blobs","aliases":[]}},{"downloaded":true,"fileName":"blobunamused.png","emoji":{"name":"blobunamused","category":"Blobs","aliases":[]}},{"downloaded":true,"fileName":"ablobwob.gif","emoji":{"name":"ablobwob","category":"Blobs","aliases":[]}},{"downloaded":true,"fileName":"ablobblewobble.gif","emoji":{"name":"ablobblewobble","category":"Blobs","aliases":[]}},{"downloaded":true,"fileName":"ablobdrool.gif","emoji":{"name":"ablobdrool","category":"Blobs","aliases":[]}},{"downloaded":true,"fileName":"ablobgoodnight.gif","emoji":{"name":"ablobgoodnight","category":"Blobs","aliases":[]}},{"downloaded":true,"fileName":"ablobgoodnightreverse.gif","emoji":{"name":"ablobgoodnightreverse","category":"Blobs","aliases":[]}},{"downloaded":true,"fileName":"ablobheadshake.gif","emoji":{"name":"ablobheadshake","category":"Blobs","aliases":[]}},{"downloaded":true,"fileName":"blobokhand.png","emoji":{"name":"blobokhand","category":"Blobs","aliases":[]}},{"downloaded":true,"fileName":"blobcouple.png","emoji":{"name":"blobcouple","category":"Blobs","aliases":[]}},{"downloaded":true,"fileName":"blobowo2.png","emoji":{"name":"blobowo2","category":"Blobs","aliases":[]}},{"downloaded":true,"fileName":"blobinlove.png","emoji":{"name":"blobinlove","category":"Blobs","aliases":[]}},{"downloaded":true,"fileName":"blobenjoy.png","emoji":{"name":"blobenjoy","category":"Blobs","aliases":[]}},{"downloaded":true,"fileName":"bloblamp.png","emoji":{"name":"bloblamp","category":"Blobs","aliases":[]}},{"downloaded":true,"fileName":"abloblamp.gif","emoji":{"name":"abloblamp","category":"Blobs","aliases":[]}},{"downloaded":true,"fileName":"blobmeltsoblove.png","emoji":{"name":"blobmeltsoblove","category":"Blobs","aliases":[]}},{"downloaded":true,"fileName":"ablobcouple.gif","emoji":{"name":"ablobcouple","category":"Blobs","aliases":[]}},{"downloaded":true,"fileName":"blobsecret.png","emoji":{"name":"blobsecret","category":"Blobs","aliases":[]}},{"downloaded":true,"fileName":"ablobsmilehappy.gif","emoji":{"name":"ablobsmilehappy","category":"Blobs","aliases":[]}},{"downloaded":true,"fileName":"blobfingerguns.png","emoji":{"name":"blobfingerguns","category":"Blobs","aliases":[]}},{"downloaded":true,"fileName":"blobembarrassed2.png","emoji":{"name":"blobembarrassed2","category":"Blobs","aliases":[]}},{"downloaded":true,"fileName":"athinkingwithblobs.gif","emoji":{"name":"athinkingwithblobs","category":"Blobs","aliases":[]}},{"downloaded":true,"fileName":"blobhug2.png","emoji":{"name":"blobhug2","category":"Blobs","aliases":[]}},{"downloaded":true,"fileName":"blobfingerscrossed.png","emoji":{"name":"blobfingerscrossed","category":"Blobs","aliases":[]}},{"downloaded":true,"fileName":"blob3c.png","emoji":{"name":"blob3c","category":"Blobs","aliases":[]}},{"downloaded":true,"fileName":"blobno.png","emoji":{"name":"blobno","category":"Blobs","aliases":[]}},{"downloaded":true,"fileName":"blobyes.png","emoji":{"name":"blobyes","category":"Blobs","aliases":[]}},{"downloaded":true,"fileName":"blobpain.png","emoji":{"name":"blobpain","category":"Blobs","aliases":[]}},{"downloaded":true,"fileName":"bloboohcry.png","emoji":{"name":"bloboohcry","category":"Blobs","aliases":[]}},{"downloaded":true,"fileName":"ablobdundundun.gif","emoji":{"name":"ablobdundundun","category":"Blobs","aliases":[]}},{"downloaded":true,"fileName":"blobstare.png","emoji":{"name":"blobstare","category":"Blobs","aliases":[]}},{"downloaded":true,"fileName":"ablobcaramelldansen.gif","emoji":{"name":"ablobcaramelldansen","category":"Blobs","aliases":[]}},{"downloaded":true,"fileName":"ablobhop.gif","emoji":{"name":"ablobhop","category":"Blobs","aliases":[]}},{"downloaded":true,"fileName":"ablobmelt.gif","emoji":{"name":"ablobmelt","category":"Blobs","aliases":[]}},{"downloaded":true,"fileName":"ablobtoiletflush.gif","emoji":{"name":"ablobtoiletflush","category":"Blobs","aliases":[]}},{"downloaded":true,"fileName":"ablobwhee.gif","emoji":{"name":"ablobwhee","category":"Blobs","aliases":[]}},{"downloaded":true,"fileName":"ablobzerogravity.gif","emoji":{"name":"ablobzerogravity","category":"Blobs","aliases":[]}},{"downloaded":true,"fileName":"amegablobsweats.gif","emoji":{"name":"amegablobsweats","category":"Blobs","aliases":[]}},{"downloaded":true,"fileName":"blobconfounded.png","emoji":{"name":"blobconfounded","category":"Blobs","aliases":[]}},{"downloaded":true,"fileName":"blobconfused.png","emoji":{"name":"blobconfused","category":"Blobs","aliases":[]}},{"downloaded":true,"fileName":"blobexpressionless.png","emoji":{"name":"blobexpressionless","category":"Blobs","aliases":[]}},{"downloaded":true,"fileName":"blobhushed.png","emoji":{"name":"blobhushed","category":"Blobs","aliases":[]}},{"downloaded":true,"fileName":"blobpeek.png","emoji":{"name":"blobpeek","category":"Blobs","aliases":[]}},{"downloaded":true,"fileName":"blobsadrain.png","emoji":{"name":"blobsadrain","category":"Blobs","aliases":[]}},{"downloaded":true,"fileName":"blobshrug.png","emoji":{"name":"blobshrug","category":"Blobs","aliases":[]}},{"downloaded":true,"fileName":"blobwave.png","emoji":{"name":"blobwave","category":"Blobs","aliases":[]}},{"downloaded":true,"fileName":"blobwavereverse.png","emoji":{"name":"blobwavereverse","category":"Blobs","aliases":[]}},{"downloaded":true,"fileName":"ablobsadrain.gif","emoji":{"name":"ablobsadrain","category":"Blobs","aliases":[]}},{"downloaded":true,"fileName":"blobsadpats.png","emoji":{"name":"blobsadpats","category":"Blobs","aliases":[]}},{"downloaded":true,"fileName":"ablobsadpats.gif","emoji":{"name":"ablobsadpats","category":"Blobs","aliases":[]}},{"downloaded":true,"fileName":"ablobpainpats.gif","emoji":{"name":"ablobpainpats","category":"Blobs","aliases":[]}},{"downloaded":true,"fileName":"blobpainpats.png","emoji":{"name":"blobpainpats","category":"Blobs","aliases":[]}},{"downloaded":true,"fileName":"blobgoodnightreverse.png","emoji":{"name":"blobgoodnightreverse","category":"Blobs","aliases":[]}},{"downloaded":true,"fileName":"blobgoodnight.png","emoji":{"name":"blobgoodnight","category":"Blobs","aliases":[]}},{"downloaded":true,"fileName":"blobgoodmorningreverse.png","emoji":{"name":"blobgoodmorningreverse","category":"Blobs","aliases":[]}},{"downloaded":true,"fileName":"blobgoodmorning.png","emoji":{"name":"blobgoodmorning","category":"Blobs","aliases":[]}},{"downloaded":true,"fileName":"blobrageangry.png","emoji":{"name":"blobrageangry","category":"Blobs","aliases":[]}},{"downloaded":true,"fileName":"blobconcerned.png","emoji":{"name":"blobconcerned","category":"Blobs","aliases":[]}},{"downloaded":true,"fileName":"ablobsad.gif","emoji":{"name":"ablobsad","category":"Blobs","aliases":[]}},{"downloaded":true,"fileName":"ablobenjoyrain.gif","emoji":{"name":"ablobenjoyrain","category":"Blobs","aliases":[]}},{"downloaded":true,"fileName":"ablobsunglasses.gif","emoji":{"name":"ablobsunglasses","category":"Blobs","aliases":[]}},{"downloaded":true,"fileName":"ablobtonguewink.gif","emoji":{"name":"ablobtonguewink","category":"Blobs","aliases":[]}},{"downloaded":true,"fileName":"ablobsigh.gif","emoji":{"name":"ablobsigh","category":"Blobs","aliases":[]}},{"downloaded":true,"fileName":"ablobwink.gif","emoji":{"name":"ablobwink","category":"Blobs","aliases":[]}},{"downloaded":true,"fileName":"ablobgrin.gif","emoji":{"name":"ablobgrin","category":"Blobs","aliases":[]}},{"downloaded":true,"fileName":"ablobsmile.gif","emoji":{"name":"ablobsmile","category":"Blobs","aliases":[]}},{"downloaded":true,"fileName":"ablobnervous.gif","emoji":{"name":"ablobnervous","category":"Blobs","aliases":[]}},{"downloaded":true,"fileName":"ablobangel.gif","emoji":{"name":"ablobangel","category":"Blobs","aliases":[]}},{"downloaded":true,"fileName":"ablobnogood.gif","emoji":{"name":"ablobnogood","category":"Blobs","aliases":[]}},{"downloaded":true,"fileName":"ablobrollingeyes.gif","emoji":{"name":"ablobrollingeyes","category":"Blobs","aliases":[]}},{"downloaded":true,"fileName":"ablobsweating.gif","emoji":{"name":"ablobsweating","category":"Blobs","aliases":[]}},{"downloaded":true,"fileName":"ablobscream.gif","emoji":{"name":"ablobscream","category":"Blobs","aliases":[]}},{"downloaded":true,"fileName":"ablobgrimace.gif","emoji":{"name":"ablobgrimace","category":"Blobs","aliases":[]}},{"downloaded":true,"fileName":"ablobunamused.gif","emoji":{"name":"ablobunamused","category":"Blobs","aliases":[]}},{"downloaded":true,"fileName":"ablobcry.gif","emoji":{"name":"ablobcry","category":"Blobs","aliases":[]}},{"downloaded":true,"fileName":"ablobdizzy.gif","emoji":{"name":"ablobdizzy","category":"Blobs","aliases":[]}},{"downloaded":true,"fileName":"ablobsleep.gif","emoji":{"name":"ablobsleep","category":"Blobs","aliases":[]}},{"downloaded":true,"fileName":"ablobweary.gif","emoji":{"name":"ablobweary","category":"Blobs","aliases":[]}},{"downloaded":true,"fileName":"ablobflushed.gif","emoji":{"name":"ablobflushed","category":"Blobs","aliases":[]}},{"downloaded":true,"fileName":"ablobwoahsnow.gif","emoji":{"name":"ablobwoahsnow","category":"Blobs","aliases":[]}},{"downloaded":true,"fileName":"ablobwoah.gif","emoji":{"name":"ablobwoah","category":"Blobs","aliases":[]}},{"downloaded":true,"fileName":"ablobhungry.gif","emoji":{"name":"ablobhungry","category":"Blobs","aliases":[]}},{"downloaded":true,"fileName":"ablobmaracas.gif","emoji":{"name":"ablobmaracas","category":"Blobs","aliases":[]}},{"downloaded":true,"fileName":"ablobsplosion.gif","emoji":{"name":"ablobsplosion","category":"Blobs","aliases":[]}},{"downloaded":true,"fileName":"ablobraisehand.gif","emoji":{"name":"ablobraisehand","category":"Blobs","aliases":[]}},{"downloaded":true,"fileName":"ablobdancer.gif","emoji":{"name":"ablobdancer","category":"Blobs","aliases":[]}},{"downloaded":true,"fileName":"ablobonfire.gif","emoji":{"name":"ablobonfire","category":"Blobs","aliases":[]}},{"downloaded":true,"fileName":"ablobblastoff.gif","emoji":{"name":"ablobblastoff","category":"Blobs","aliases":[]}},{"downloaded":true,"fileName":"ajakeblob.gif","emoji":{"name":"ajakeblob","category":"Blobs","aliases":[]}},{"downloaded":true,"fileName":"ablobgift.gif","emoji":{"name":"ablobgift","category":"Blobs","aliases":[]}},{"downloaded":true,"fileName":"ablobjoin.gif","emoji":{"name":"ablobjoin","category":"Blobs","aliases":[]}},{"downloaded":true,"fileName":"ablobleave.gif","emoji":{"name":"ablobleave","category":"Blobs","aliases":[]}},{"downloaded":true,"fileName":"ablobcouncil.gif","emoji":{"name":"ablobcouncil","category":"Blobs","aliases":[]}},{"downloaded":true,"fileName":"ablobcolorshift.gif","emoji":{"name":"ablobcolorshift","category":"Blobs","aliases":[]}},{"downloaded":true,"fileName":"ablobhydraulicpress.gif","emoji":{"name":"ablobhydraulicpress","category":"Blobs","aliases":[]}},{"downloaded":true,"fileName":"agoogleturtle.gif","emoji":{"name":"agoogleturtle","category":"Blobs","aliases":[]}},{"downloaded":true,"fileName":"agooglethumbsup.gif","emoji":{"name":"agooglethumbsup","category":"Blobs","aliases":[]}},{"downloaded":true,"fileName":"agoogletada.gif","emoji":{"name":"agoogletada","category":"Blobs","aliases":[]}},{"downloaded":true,"fileName":"agooglerainbowheart.gif","emoji":{"name":"agooglerainbowheart","category":"Blobs","aliases":[]}},{"downloaded":true,"fileName":"agoogleclap.gif","emoji":{"name":"agoogleclap","category":"Blobs","aliases":[]}},{"downloaded":true,"fileName":"agooglecat.gif","emoji":{"name":"agooglecat","category":"Blobs","aliases":[]}},{"downloaded":true,"fileName":"agooglecake.gif","emoji":{"name":"agooglecake","category":"Blobs","aliases":[]}},{"downloaded":true,"fileName":"agooglebrokenheart.gif","emoji":{"name":"agooglebrokenheart","category":"Blobs","aliases":[]}},{"downloaded":true,"fileName":"agooglebee.gif","emoji":{"name":"agooglebee","category":"Blobs","aliases":[]}},{"downloaded":true,"fileName":"agoogle100.gif","emoji":{"name":"agoogle100","category":"Blobs","aliases":[]}},{"downloaded":true,"fileName":"agooglethumbsdown.gif","emoji":{"name":"agooglethumbsdown","category":"Blobs","aliases":[]}},{"downloaded":true,"fileName":"agooglehearts.gif","emoji":{"name":"agooglehearts","category":"Blobs","aliases":[]}},{"downloaded":true,"fileName":"ablobmelting.gif","emoji":{"name":"ablobmelting","category":"Blobs","aliases":[]}},{"downloaded":true,"fileName":"ablobwobroll.gif","emoji":{"name":"ablobwobroll","category":"Blobs","aliases":[]}},{"downloaded":true,"fileName":"blob0w0.png","emoji":{"name":"blob0w0","category":"Blobs","aliases":[]}},{"downloaded":true,"fileName":"ablobwobwork.gif","emoji":{"name":"ablobwobwork","category":"Blobs","aliases":[]}},{"downloaded":true,"fileName":"ablobsleepy.gif","emoji":{"name":"ablobsleepy","category":"Blobs","aliases":[]}},{"downloaded":true,"fileName":"blobnomcookie.png","emoji":{"name":"blobnomcookie","category":"Blobs","aliases":[]}},{"downloaded":true,"fileName":"blobfearful.png","emoji":{"name":"blobfearful","category":"Blobs","aliases":[]}},{"downloaded":true,"fileName":"blobhug.png","emoji":{"name":"blobhug","category":"Blobs","aliases":[]}},{"downloaded":true,"fileName":"blobhearteyes.png","emoji":{"name":"blobhearteyes","category":"Blobs","aliases":[]}},{"downloaded":true,"fileName":"blobsmirk.png","emoji":{"name":"blobsmirk","category":"Blobs","aliases":[]}},{"downloaded":true,"fileName":"blobcheerful2.png","emoji":{"name":"blobcheerful2","category":"Blobs","aliases":[]}},{"downloaded":true,"fileName":"blobpanic.png","emoji":{"name":"blobpanic","category":"Blobs","aliases":[]}},{"downloaded":true,"fileName":"blobbowing.png","emoji":{"name":"blobbowing","category":"Blobs","aliases":[]}},{"downloaded":true,"fileName":"blobcry.png","emoji":{"name":"blobcry","category":"Blobs","aliases":[]}},{"downloaded":true,"fileName":"blobsmilehappyeyes.png","emoji":{"name":"blobsmilehappyeyes","category":"Blobs","aliases":[]}},{"downloaded":true,"fileName":"blobtongue.png","emoji":{"name":"blobtongue","category":"Blobs","aliases":[]}},{"downloaded":true,"fileName":"blobangry.png","emoji":{"name":"blobangry","category":"Blobs","aliases":[]}},{"downloaded":true,"fileName":"blobsmile.png","emoji":{"name":"blobsmile","category":"Blobs","aliases":[]}},{"downloaded":true,"fileName":"blobupset.png","emoji":{"name":"blobupset","category":"Blobs","aliases":[]}},{"downloaded":true,"fileName":"blobjoy.png","emoji":{"name":"blobjoy","category":"Blobs","aliases":[]}},{"downloaded":true,"fileName":"blobcheeky.png","emoji":{"name":"blobcheeky","category":"Blobs","aliases":[]}},{"downloaded":true,"fileName":"blobfrowningbig.png","emoji":{"name":"blobfrowningbig","category":"Blobs","aliases":[]}},{"downloaded":true,"fileName":"blobfrowning.png","emoji":{"name":"blobfrowning","category":"Blobs","aliases":[]}},{"downloaded":true,"fileName":"blobfrown.png","emoji":{"name":"blobfrown","category":"Blobs","aliases":[]}},{"downloaded":true,"fileName":"blobopenmouth.png","emoji":{"name":"blobopenmouth","category":"Blobs","aliases":[]}},{"downloaded":true,"fileName":"blobnervous.png","emoji":{"name":"blobnervous","category":"Blobs","aliases":[]}},{"downloaded":true,"fileName":"blobyum.png","emoji":{"name":"blobyum","category":"Blobs","aliases":[]}},{"downloaded":true,"fileName":"blobcheerful.png","emoji":{"name":"blobcheerful","category":"Blobs","aliases":[]}},{"downloaded":true,"fileName":"blobrofl.png","emoji":{"name":"blobrofl","category":"Blobs","aliases":[]}},{"downloaded":true,"fileName":"blobsmiley.png","emoji":{"name":"blobsmiley","category":"Blobs","aliases":[]}},{"downloaded":true,"fileName":"blobwink.png","emoji":{"name":"blobwink","category":"Blobs","aliases":[]}},{"downloaded":true,"fileName":"blobupsidedown.png","emoji":{"name":"blobupsidedown","category":"Blobs","aliases":[]}},{"downloaded":true,"fileName":"blobsmilesweat2.png","emoji":{"name":"blobsmilesweat2","category":"Blobs","aliases":[]}},{"downloaded":true,"fileName":"blobugh.png","emoji":{"name":"blobugh","category":"Blobs","aliases":[]}},{"downloaded":true,"fileName":"blobangel.png","emoji":{"name":"blobangel","category":"Blobs","aliases":[]}},{"downloaded":true,"fileName":"blobtonguewink.png","emoji":{"name":"blobtonguewink","category":"Blobs","aliases":[]}},{"downloaded":true,"fileName":"blobsmilehappy.png","emoji":{"name":"blobsmilehappy","category":"Blobs","aliases":[]}},{"downloaded":true,"fileName":"blobgrin.png","emoji":{"name":"blobgrin","category":"Blobs","aliases":[]}},{"downloaded":true,"fileName":"blobnogood.png","emoji":{"name":"blobnogood","category":"Blobs","aliases":[]}},{"downloaded":true,"fileName":"blobpray.png","emoji":{"name":"blobpray","category":"Blobs","aliases":[]}},{"downloaded":true,"fileName":"blobrollingeyes.png","emoji":{"name":"blobrollingeyes","category":"Blobs","aliases":[]}},{"downloaded":true,"fileName":"blobneutral.png","emoji":{"name":"blobneutral","category":"Blobs","aliases":[]}},{"downloaded":true,"fileName":"blobscream.png","emoji":{"name":"blobscream","category":"Blobs","aliases":[]}},{"downloaded":true,"fileName":"blobgrimace.png","emoji":{"name":"blobgrimace","category":"Blobs","aliases":[]}},{"downloaded":true,"fileName":"blobtriumph.png","emoji":{"name":"blobtriumph","category":"Blobs","aliases":[]}},{"downloaded":true,"fileName":"blobpensive.png","emoji":{"name":"blobpensive","category":"Blobs","aliases":[]}},{"downloaded":true,"fileName":"blobdetective.png","emoji":{"name":"blobdetective","category":"Blobs","aliases":[]}},{"downloaded":true,"fileName":"blobsunglasses.png","emoji":{"name":"blobsunglasses","category":"Blobs","aliases":[]}},{"downloaded":true,"fileName":"blobcool.png","emoji":{"name":"blobcool","category":"Blobs","aliases":[]}},{"downloaded":true,"fileName":"blobok.png","emoji":{"name":"blobok","category":"Blobs","aliases":[]}},{"downloaded":true,"fileName":"blobsleeping.png","emoji":{"name":"blobsleeping","category":"Blobs","aliases":[]}},{"downloaded":true,"fileName":"blobsmilesweat.png","emoji":{"name":"blobsmilesweat","category":"Blobs","aliases":[]}},{"downloaded":true,"fileName":"blobtired.png","emoji":{"name":"blobtired","category":"Blobs","aliases":[]}},{"downloaded":true,"fileName":"blobweary.png","emoji":{"name":"blobweary","category":"Blobs","aliases":[]}},{"downloaded":true,"fileName":"blobvomiting.png","emoji":{"name":"blobvomiting","category":"Blobs","aliases":[]}},{"downloaded":true,"fileName":"blobdizzy.png","emoji":{"name":"blobdizzy","category":"Blobs","aliases":[]}},{"downloaded":true,"fileName":"ablobpanic2.gif","emoji":{"name":"ablobpanic2","category":"Blobs","aliases":[]}},{"downloaded":true,"fileName":"blobtilt.png","emoji":{"name":"blobtilt","category":"Blobs","aliases":[]}},{"downloaded":true,"fileName":"blobsmirk2.png","emoji":{"name":"blobsmirk2","category":"Blobs","aliases":[]}},{"downloaded":true,"fileName":"blobpensivepray.png","emoji":{"name":"blobpensivepray","category":"Blobs","aliases":[]}},{"downloaded":true,"fileName":"blobnervouspleading.png","emoji":{"name":"blobnervouspleading","category":"Blobs","aliases":[]}},{"downloaded":true,"fileName":"blobrelieved.png","emoji":{"name":"blobrelieved","category":"Blobs","aliases":[]}},{"downloaded":true,"fileName":"blobthanks.png","emoji":{"name":"blobthanks","category":"Blobs","aliases":[]}},{"downloaded":true,"fileName":"blobfacemask.png","emoji":{"name":"blobfacemask","category":"Blobs","aliases":[]}},{"downloaded":true,"fileName":"blobglarepolice.png","emoji":{"name":"blobglarepolice","category":"Blobs","aliases":[]}},{"downloaded":true,"fileName":"blobpout2.png","emoji":{"name":"blobpout2","category":"Blobs","aliases":[]}},{"downloaded":true,"fileName":"blobflushed.png","emoji":{"name":"blobflushed","category":"Blobs","aliases":[]}},{"downloaded":true,"fileName":"blobxd.png","emoji":{"name":"blobxd","category":"Blobs","aliases":[]}},{"downloaded":true,"fileName":"blobstarstruck.png","emoji":{"name":"blobstarstruck","category":"Blobs","aliases":[]}},{"downloaded":true,"fileName":"blobwoozy.png","emoji":{"name":"blobwoozy","category":"Blobs","aliases":[]}},{"downloaded":true,"fileName":"blobsick.png","emoji":{"name":"blobsick","category":"Blobs","aliases":[]}},{"downloaded":true,"fileName":"blobreachdrool.png","emoji":{"name":"blobreachdrool","category":"Blobs","aliases":[]}},{"downloaded":true,"fileName":"blobfreezing.png","emoji":{"name":"blobfreezing","category":"Blobs","aliases":[]}},{"downloaded":true,"fileName":"blobimfine.png","emoji":{"name":"blobimfine","category":"Blobs","aliases":[]}},{"downloaded":true,"fileName":"blobbroken.png","emoji":{"name":"blobbroken","category":"Blobs","aliases":[]}},{"downloaded":true,"fileName":"bloboverheated.png","emoji":{"name":"bloboverheated","category":"Blobs","aliases":[]}},{"downloaded":true,"fileName":"blobnwn.png","emoji":{"name":"blobnwn","category":"Blobs","aliases":[]}},{"downloaded":true,"fileName":"blobyikes.png","emoji":{"name":"blobyikes","category":"Blobs","aliases":[]}},{"downloaded":true,"fileName":"blobzippermouth.png","emoji":{"name":"blobzippermouth","category":"Blobs","aliases":[]}},{"downloaded":true,"fileName":"blobbored.png","emoji":{"name":"blobbored","category":"Blobs","aliases":[]}},{"downloaded":true,"fileName":"blobreachsob.png","emoji":{"name":"blobreachsob","category":"Blobs","aliases":[]}},{"downloaded":true,"fileName":"blobunsure.png","emoji":{"name":"blobunsure","category":"Blobs","aliases":[]}},{"downloaded":true,"fileName":"blobnauseated.png","emoji":{"name":"blobnauseated","category":"Blobs","aliases":[]}},{"downloaded":true,"fileName":"blobnomouth.png","emoji":{"name":"blobnomouth","category":"Blobs","aliases":[]}},{"downloaded":true,"fileName":"blobsleepless.png","emoji":{"name":"blobsleepless","category":"Blobs","aliases":[]}},{"downloaded":true,"fileName":"blobpout.png","emoji":{"name":"blobpout","category":"Blobs","aliases":[]}},{"downloaded":true,"fileName":"blobsurprised.png","emoji":{"name":"blobsurprised","category":"Blobs","aliases":[]}},{"downloaded":true,"fileName":"blobbandage.png","emoji":{"name":"blobbandage","category":"Blobs","aliases":[]}},{"downloaded":true,"fileName":"blobnervous2.png","emoji":{"name":"blobnervous2","category":"Blobs","aliases":[]}},{"downloaded":true,"fileName":"blobnomchristmas.png","emoji":{"name":"blobnomchristmas","category":"Blobs","aliases":[]}},{"downloaded":true,"fileName":"blobeyesdown.png","emoji":{"name":"blobeyesdown","category":"Blobs","aliases":[]}},{"downloaded":true,"fileName":"blobmlem.png","emoji":{"name":"blobmlem","category":"Blobs","aliases":[]}},{"downloaded":true,"fileName":"blobkiss.png","emoji":{"name":"blobkiss","category":"Blobs","aliases":[]}},{"downloaded":true,"fileName":"blobfistbumpR.png","emoji":{"name":"blobfistbumpR","category":"Blobs","aliases":[]}},{"downloaded":true,"fileName":"blobfistbumpL.png","emoji":{"name":"blobfistbumpL","category":"Blobs","aliases":[]}},{"downloaded":true,"fileName":"blobdancer.png","emoji":{"name":"blobdancer","category":"Blobs","aliases":[]}},{"downloaded":true,"fileName":"blobhighfive.png","emoji":{"name":"blobhighfive","category":"Blobs","aliases":[]}},{"downloaded":true,"fileName":"blobnostar2.png","emoji":{"name":"blobnostar2","category":"Blobs","aliases":[]}},{"downloaded":true,"fileName":"blobtriumph2.png","emoji":{"name":"blobtriumph2","category":"Blobs","aliases":[]}},{"downloaded":true,"fileName":"blobyawn.png","emoji":{"name":"blobyawn","category":"Blobs","aliases":[]}},{"downloaded":true,"fileName":"blobawkward.png","emoji":{"name":"blobawkward","category":"Blobs","aliases":[]}},{"downloaded":true,"fileName":"blobmindblown.png","emoji":{"name":"blobmindblown","category":"Blobs","aliases":[]}},{"downloaded":true,"fileName":"blobkissblush.png","emoji":{"name":"blobkissblush","category":"Blobs","aliases":[]}},{"downloaded":true,"fileName":"blobthinkingcool.png","emoji":{"name":"blobthinkingcool","category":"Blobs","aliases":[]}},{"downloaded":true,"fileName":"ablobtipping.gif","emoji":{"name":"ablobtipping","category":"Blobs","aliases":[]}},{"downloaded":true,"fileName":"blobthinkingsmirk.png","emoji":{"name":"blobthinkingsmirk","category":"Blobs","aliases":[]}},{"downloaded":true,"fileName":"blobteefs.png","emoji":{"name":"blobteefs","category":"Blobs","aliases":[]}},{"downloaded":true,"fileName":"blobthump.png","emoji":{"name":"blobthump","category":"Blobs","aliases":[]}},{"downloaded":true,"fileName":"blobpleading.png","emoji":{"name":"blobpleading","category":"Blobs","aliases":[]}},{"downloaded":true,"fileName":"blobpan.png","emoji":{"name":"blobpan","category":"Blobs","aliases":[]}},{"downloaded":true,"fileName":"blobworried.png","emoji":{"name":"blobworried","category":"Blobs","aliases":[]}},{"downloaded":true,"fileName":"blobsobglasses.png","emoji":{"name":"blobsobglasses","category":"Blobs","aliases":[]}},{"downloaded":true,"fileName":"blobmoustache.png","emoji":{"name":"blobmoustache","category":"Blobs","aliases":[]}},{"downloaded":true,"fileName":"blobthinksmart.png","emoji":{"name":"blobthinksmart","category":"Blobs","aliases":[]}},{"downloaded":true,"fileName":"blobmaracas.png","emoji":{"name":"blobmaracas","category":"Blobs","aliases":[]}},{"downloaded":true,"fileName":"blobtorch.png","emoji":{"name":"blobtorch","category":"Blobs","aliases":[]}},{"downloaded":true,"fileName":"blobdisapproval.png","emoji":{"name":"blobdisapproval","category":"Blobs","aliases":[]}},{"downloaded":true,"fileName":"blobnostar.png","emoji":{"name":"blobnostar","category":"Blobs","aliases":[]}},{"downloaded":true,"fileName":"blobglassesdown.png","emoji":{"name":"blobglassesdown","category":"Blobs","aliases":[]}},{"downloaded":true,"fileName":"blobthis.png","emoji":{"name":"blobthis","category":"Blobs","aliases":[]}},{"downloaded":true,"fileName":"blobonfire.png","emoji":{"name":"blobonfire","category":"Blobs","aliases":[]}},{"downloaded":true,"fileName":"blobsplosion.png","emoji":{"name":"blobsplosion","category":"Blobs","aliases":[]}},{"downloaded":true,"fileName":"blobhuh.png","emoji":{"name":"blobhuh","category":"Blobs","aliases":[]}},{"downloaded":true,"fileName":"blobpopsicle.png","emoji":{"name":"blobpopsicle","category":"Blobs","aliases":[]}},{"downloaded":true,"fileName":"blobpin.png","emoji":{"name":"blobpin","category":"Blobs","aliases":[]}},{"downloaded":true,"fileName":"blobsquee.png","emoji":{"name":"blobsquee","category":"Blobs","aliases":[]}},{"downloaded":true,"fileName":"ablobbathtub.gif","emoji":{"name":"ablobbathtub","category":"Blobs","aliases":[]}},{"downloaded":true,"fileName":"blobnomchocolate.png","emoji":{"name":"blobnomchocolate","category":"Blobs","aliases":[]}},{"downloaded":true,"fileName":"blobidea.png","emoji":{"name":"blobidea","category":"Blobs","aliases":[]}},{"downloaded":true,"fileName":"ablobslide.gif","emoji":{"name":"ablobslide","category":"Blobs","aliases":[]}},{"downloaded":true,"fileName":"blobdisguise.png","emoji":{"name":"blobdisguise","category":"Blobs","aliases":[]}},{"downloaded":true,"fileName":"blobpoll.png","emoji":{"name":"blobpoll","category":"Blobs","aliases":[]}},{"downloaded":true,"fileName":"blobeyesup.png","emoji":{"name":"blobeyesup","category":"Blobs","aliases":[]}},{"downloaded":true,"fileName":"blobgamer.png","emoji":{"name":"blobgamer","category":"Blobs","aliases":[]}},{"downloaded":true,"fileName":"bloboro.png","emoji":{"name":"bloboro","category":"Blobs","aliases":[]}},{"downloaded":true,"fileName":"blobmail.png","emoji":{"name":"blobmail","category":"Blobs","aliases":[]}},{"downloaded":true,"fileName":"blobwitch.png","emoji":{"name":"blobwitch","category":"Blobs","aliases":[]}},{"downloaded":true,"fileName":"blobbot.png","emoji":{"name":"blobbot","category":"Blobs","aliases":[]}},{"downloaded":true,"fileName":"blobcouncil.png","emoji":{"name":"blobcouncil","category":"Blobs","aliases":[]}},{"downloaded":true,"fileName":"blobpirate.png","emoji":{"name":"blobpirate","category":"Blobs","aliases":[]}},{"downloaded":true,"fileName":"blobhero.png","emoji":{"name":"blobhero","category":"Blobs","aliases":[]}},{"downloaded":true,"fileName":"blobjam.png","emoji":{"name":"blobjam","category":"Blobs","aliases":[]}},{"downloaded":true,"fileName":"blobfirefighter.png","emoji":{"name":"blobfirefighter","category":"Blobs","aliases":[]}},{"downloaded":true,"fileName":"bloboutage.png","emoji":{"name":"bloboutage","category":"Blobs","aliases":[]}},{"downloaded":true,"fileName":"blobsanta.png","emoji":{"name":"blobsanta","category":"Blobs","aliases":[]}},{"downloaded":true,"fileName":"superblob.png","emoji":{"name":"superblob","category":"Blobs","aliases":[]}},{"downloaded":true,"fileName":"rickblob.png","emoji":{"name":"rickblob","category":"Blobs","aliases":[]}},{"downloaded":true,"fileName":"blobeagle.png","emoji":{"name":"blobeagle","category":"Blobs","aliases":[]}},{"downloaded":true,"fileName":"blobpumpkin.png","emoji":{"name":"blobpumpkin","category":"Blobs","aliases":[]}},{"downloaded":true,"fileName":"blobstudent.png","emoji":{"name":"blobstudent","category":"Blobs","aliases":[]}},{"downloaded":true,"fileName":"blobscarf.png","emoji":{"name":"blobscarf","category":"Blobs","aliases":[]}},{"downloaded":true,"fileName":"blobaviator.png","emoji":{"name":"blobaviator","category":"Blobs","aliases":[]}},{"downloaded":true,"fileName":"blobnomglobal3.png","emoji":{"name":"blobnomglobal3","category":"Blobs","aliases":[]}},{"downloaded":true,"fileName":"blobnomglobal2.png","emoji":{"name":"blobnomglobal2","category":"Blobs","aliases":[]}},{"downloaded":true,"fileName":"blobnomglobal1.png","emoji":{"name":"blobnomglobal1","category":"Blobs","aliases":[]}},{"downloaded":true,"fileName":"blobwooloo.png","emoji":{"name":"blobwooloo","category":"Blobs","aliases":[]}},{"downloaded":true,"fileName":"blobboost.png","emoji":{"name":"blobboost","category":"Blobs","aliases":[]}},{"downloaded":true,"fileName":"ablobdevil.gif","emoji":{"name":"ablobdevil","category":"Blobs","aliases":[]}},{"downloaded":true,"fileName":"blobnitro.png","emoji":{"name":"blobnitro","category":"Blobs","aliases":[]}},{"downloaded":true,"fileName":"blobdevilsmile.png","emoji":{"name":"blobdevilsmile","category":"Blobs","aliases":[]}},{"downloaded":true,"fileName":"blobspam.png","emoji":{"name":"blobspam","category":"Blobs","aliases":[]}},{"downloaded":true,"fileName":"blobcowboy.png","emoji":{"name":"blobcowboy","category":"Blobs","aliases":[]}},{"downloaded":true,"fileName":"gentleblob.png","emoji":{"name":"gentleblob","category":"Blobs","aliases":[]}},{"downloaded":true,"fileName":"blobdoctor.png","emoji":{"name":"blobdoctor","category":"Blobs","aliases":[]}},{"downloaded":true,"fileName":"pikablob.png","emoji":{"name":"pikablob","category":"Blobs","aliases":[]}},{"downloaded":true,"fileName":"blobwizard.png","emoji":{"name":"blobwizard","category":"Blobs","aliases":[]}},{"downloaded":true,"fileName":"jakeblob.png","emoji":{"name":"jakeblob","category":"Blobs","aliases":[]}},{"downloaded":true,"fileName":"blobpatrol.png","emoji":{"name":"blobpatrol","category":"Blobs","aliases":[]}},{"downloaded":true,"fileName":"nikoblob.png","emoji":{"name":"nikoblob","category":"Blobs","aliases":[]}},{"downloaded":true,"fileName":"blobgift.png","emoji":{"name":"blobgift","category":"Blobs","aliases":[]}},{"downloaded":true,"fileName":"blobross.png","emoji":{"name":"blobross","category":"Blobs","aliases":[]}},{"downloaded":true,"fileName":"blobartist.png","emoji":{"name":"blobartist","category":"Blobs","aliases":[]}},{"downloaded":true,"fileName":"wumpusblob.png","emoji":{"name":"wumpusblob","category":"Blobs","aliases":[]}},{"downloaded":true,"fileName":"blobhypesquad.png","emoji":{"name":"blobhypesquad","category":"Blobs","aliases":[]}},{"downloaded":true,"fileName":"blobdevil.png","emoji":{"name":"blobdevil","category":"Blobs","aliases":[]}},{"downloaded":true,"fileName":"blobcamera.png","emoji":{"name":"blobcamera","category":"Blobs","aliases":[]}},{"downloaded":true,"fileName":"rainblob.png","emoji":{"name":"rainblob","category":"Blobs","aliases":[]}},{"downloaded":true,"fileName":"blobpoliceangery.png","emoji":{"name":"blobpoliceangery","category":"Blobs","aliases":[]}},{"downloaded":true,"fileName":"blobninja.png","emoji":{"name":"blobninja","category":"Blobs","aliases":[]}},{"downloaded":true,"fileName":"blobthief.png","emoji":{"name":"blobthief","category":"Blobs","aliases":[]}},{"downloaded":true,"fileName":"nellyblob.png","emoji":{"name":"nellyblob","category":"Blobs","aliases":[]}},{"downloaded":true,"fileName":"ablobpumpkin.gif","emoji":{"name":"ablobpumpkin","category":"Blobs","aliases":[]}},{"downloaded":true,"fileName":"pusheenblob.png","emoji":{"name":"pusheenblob","category":"Blobs","aliases":[]}},{"downloaded":true,"fileName":"kirbyblob.png","emoji":{"name":"kirbyblob","category":"Blobs","aliases":[]}},{"downloaded":true,"fileName":"blobworker.png","emoji":{"name":"blobworker","category":"Blobs","aliases":[]}},{"downloaded":true,"fileName":"blobgoat.png","emoji":{"name":"blobgoat","category":"Blobs","aliases":[]}},{"downloaded":true,"fileName":"googlemuscleL.png","emoji":{"name":"googlemuscleL","category":"Blobs","aliases":[]}},{"downloaded":true,"fileName":"agooglesnail.gif","emoji":{"name":"agooglesnail","category":"Blobs","aliases":[]}},{"downloaded":true,"fileName":"googlemuscleR.png","emoji":{"name":"googlemuscleR","category":"Blobs","aliases":[]}},{"downloaded":true,"fileName":"googlebird.png","emoji":{"name":"googlebird","category":"Blobs","aliases":[]}},{"downloaded":true,"fileName":"googleeagle.png","emoji":{"name":"googleeagle","category":"Blobs","aliases":[]}},{"downloaded":true,"fileName":"googlepizza.png","emoji":{"name":"googlepizza","category":"Blobs","aliases":[]}},{"downloaded":true,"fileName":"agooglesun.gif","emoji":{"name":"agooglesun","category":"Blobs","aliases":[]}},{"downloaded":true,"fileName":"googlelion.png","emoji":{"name":"googlelion","category":"Blobs","aliases":[]}},{"downloaded":true,"fileName":"googlekoala.png","emoji":{"name":"googlekoala","category":"Blobs","aliases":[]}},{"downloaded":true,"fileName":"agooglebell.gif","emoji":{"name":"agooglebell","category":"Blobs","aliases":[]}},{"downloaded":true,"fileName":"googlesheep.png","emoji":{"name":"googlesheep","category":"Blobs","aliases":[]}},{"downloaded":true,"fileName":"googlepig.png","emoji":{"name":"googlepig","category":"Blobs","aliases":[]}},{"downloaded":true,"fileName":"googlegoat.png","emoji":{"name":"googlegoat","category":"Blobs","aliases":[]}},{"downloaded":true,"fileName":"googleicecream.png","emoji":{"name":"googleicecream","category":"Blobs","aliases":[]}},{"downloaded":true,"fileName":"blobnook.png","emoji":{"name":"blobnook","category":"Blobs","aliases":[]}},{"downloaded":true,"fileName":"googledove.png","emoji":{"name":"googledove","category":"Blobs","aliases":[]}},{"downloaded":true,"fileName":"googlecow.png","emoji":{"name":"googlecow","category":"Blobs","aliases":[]}},{"downloaded":true,"fileName":"agooglemonkey.gif","emoji":{"name":"agooglemonkey","category":"Blobs","aliases":[]}},{"downloaded":true,"fileName":"agoogleoctopus.gif","emoji":{"name":"agoogleoctopus","category":"Blobs","aliases":[]}},{"downloaded":true,"fileName":"googlesquirrel.png","emoji":{"name":"googlesquirrel","category":"Blobs","aliases":[]}},{"downloaded":true,"fileName":"googlechicken.png","emoji":{"name":"googlechicken","category":"Blobs","aliases":[]}},{"downloaded":true,"fileName":"googlechick.png","emoji":{"name":"googlechick","category":"Blobs","aliases":[]}},{"downloaded":true,"fileName":"googlesnail.png","emoji":{"name":"googlesnail","category":"Blobs","aliases":[]}},{"downloaded":true,"fileName":"googleduck.png","emoji":{"name":"googleduck","category":"Blobs","aliases":[]}},{"downloaded":true,"fileName":"googlebear.png","emoji":{"name":"googlebear","category":"Blobs","aliases":[]}},{"downloaded":true,"fileName":"googlemouse.png","emoji":{"name":"googlemouse","category":"Blobs","aliases":[]}},{"downloaded":true,"fileName":"googleblueheart.png","emoji":{"name":"googleblueheart","category":"Blobs","aliases":[]}},{"downloaded":true,"fileName":"blobfrog.png","emoji":{"name":"blobfrog","category":"Blobs","aliases":[]}},{"downloaded":true,"fileName":"blobblackcat.png","emoji":{"name":"blobblackcat","category":"Blobs","aliases":[]}},{"downloaded":true,"fileName":"googlepanda.png","emoji":{"name":"googlepanda","category":"Blobs","aliases":[]}},{"downloaded":true,"fileName":"googlecake.png","emoji":{"name":"googlecake","category":"Blobs","aliases":[]}},{"downloaded":true,"fileName":"googlecat.png","emoji":{"name":"googlecat","category":"Blobs","aliases":[]}},{"downloaded":true,"fileName":"googlecatface.png","emoji":{"name":"googlecatface","category":"Blobs","aliases":[]}},{"downloaded":true,"fileName":"googlecatheart.png","emoji":{"name":"googlecatheart","category":"Blobs","aliases":[]}},{"downloaded":true,"fileName":"googlefox.png","emoji":{"name":"googlefox","category":"Blobs","aliases":[]}},{"downloaded":true,"fileName":"googlewhale.png","emoji":{"name":"googlewhale","category":"Blobs","aliases":[]}},{"downloaded":true,"fileName":"agooglewine.gif","emoji":{"name":"agooglewine","category":"Blobs","aliases":[]}},{"downloaded":true,"fileName":"agooglecheers.gif","emoji":{"name":"agooglecheers","category":"Blobs","aliases":[]}},{"downloaded":true,"fileName":"agooglepoop.gif","emoji":{"name":"agooglepoop","category":"Blobs","aliases":[]}},{"downloaded":true,"fileName":"googlerat.png","emoji":{"name":"googlerat","category":"Blobs","aliases":[]}},{"downloaded":true,"fileName":"googleoctopus.png","emoji":{"name":"googleoctopus","category":"Blobs","aliases":[]}},{"downloaded":true,"fileName":"pandablob.png","emoji":{"name":"pandablob","category":"Blobs","aliases":[]}},{"downloaded":true,"fileName":"googlerabbit.png","emoji":{"name":"googlerabbit","category":"Blobs","aliases":[]}},{"downloaded":true,"fileName":"googlegun.png","emoji":{"name":"googlegun","category":"Blobs","aliases":[]}},{"downloaded":true,"fileName":"googleturtle.png","emoji":{"name":"googleturtle","category":"Blobs","aliases":[]}},{"downloaded":true,"fileName":"googlesnake.png","emoji":{"name":"googlesnake","category":"Blobs","aliases":[]}},{"downloaded":true,"fileName":"googlepenguin.png","emoji":{"name":"googlepenguin","category":"Blobs","aliases":[]}},{"downloaded":true,"fileName":"googlescorpion.png","emoji":{"name":"googlescorpion","category":"Blobs","aliases":[]}},{"downloaded":true,"fileName":"googleghost.png","emoji":{"name":"googleghost","category":"Blobs","aliases":[]}},{"downloaded":true,"fileName":"googlefire.png","emoji":{"name":"googlefire","category":"Blobs","aliases":[]}},{"downloaded":true,"fileName":"googledog.png","emoji":{"name":"googledog","category":"Blobs","aliases":[]}},{"downloaded":true,"fileName":"googlebee.png","emoji":{"name":"googlebee","category":"Blobs","aliases":[]}},{"downloaded":true,"fileName":"googlecrab.png","emoji":{"name":"googlecrab","category":"Blobs","aliases":[]}},{"downloaded":true,"fileName":"reindeerblob.png","emoji":{"name":"reindeerblob","category":"Blobs","aliases":[]}},{"downloaded":true,"fileName":"ferretblob.png","emoji":{"name":"ferretblob","category":"Blobs","aliases":[]}},{"downloaded":true,"fileName":"agooglepeach.gif","emoji":{"name":"agooglepeach","category":"Blobs","aliases":[]}},{"downloaded":true,"fileName":"doggoblob.png","emoji":{"name":"doggoblob","category":"Blobs","aliases":[]}},{"downloaded":true,"fileName":"blobcat.png","emoji":{"name":"blobcat","category":"Blobs","aliases":[]}},{"downloaded":true,"fileName":"agooglebomb.gif","emoji":{"name":"agooglebomb","category":"Blobs","aliases":[]}}]}