{"metaVersion":1,"host":"https://git.joinfirefish.org/firefish/emoji-gen","exportedAt":"2024-03-08T10:44:58.497232907-06:00","emojis":[{"downloaded":true,"fileName":"blobhaj_default.png","emoji":{"name":"blobhaj_default","category":"Blobhaj","aliases":[]}},{"downloaded":true,"fileName":"blobhaj_blanket.png","emoji":{"name":"blobhaj_blanket","category":"Blobhaj","aliases":[]}},{"downloaded":true,"fileName":"blobhaj_blanket_blue.png","emoji":{"name":"blobhaj_blanket_blue","category":"Blobhaj","aliases":[]}},{"downloaded":true,"fileName":"blobhaj_flag_ace.png","emoji":{"name":"blobhaj_flag_ace","category":"Blobhaj","aliases":[]}},{"downloaded":true,"fileName":"blobhaj_flag_ally.png","emoji":{"name":"blobhaj_flag_ally","category":"Blobhaj","aliases":[]}},{"downloaded":true,"fileName":"blobhaj_flag_aromantic.png","emoji":{"name":"blobhaj_flag_aromantic","category":"Blobhaj","aliases":[]}},{"downloaded":true,"fileName":"blobhaj_flag_autism.png","emoji":{"name":"blobhaj_flag_autism","category":"Blobhaj","aliases":[]}},{"downloaded":true,"fileName":"blobhaj_flag_bisexual.png","emoji":{"name":"blobhaj_flag_bisexual","category":"Blobhaj","aliases":[]}},{"downloaded":true,"fileName":"blobhaj_flag_blm.png","emoji":{"name":"blobhaj_flag_blm","category":"Blobhaj","aliases":[]}},{"downloaded":true,"fileName":"blobhaj_flag_blm_small.png","emoji":{"name":"blobhaj_flag_blm_small","category":"Blobhaj","aliases":[]}},{"downloaded":true,"fileName":"blobhaj_flag_demisexual.png","emoji":{"name":"blobhaj_flag_demisexual","category":"Blobhaj","aliases":[]}},{"downloaded":true,"fileName":"blobhaj_flag_gay.png","emoji":{"name":"blobhaj_flag_gay","category":"Blobhaj","aliases":[]}},{"downloaded":true,"fileName":"blobhaj_flag_genderfluid.png","emoji":{"name":"blobhaj_flag_genderfluid","category":"Blobhaj","aliases":[]}},{"downloaded":true,"fileName":"blobhaj_flag_genderqueer.png","emoji":{"name":"blobhaj_flag_genderqueer","category":"Blobhaj","aliases":[]}},{"downloaded":true,"fileName":"blobhaj_flag_intersex.png","emoji":{"name":"blobhaj_flag_intersex","category":"Blobhaj","aliases":[]}},{"downloaded":true,"fileName":"blobhaj_flag_lesbian.png","emoji":{"name":"blobhaj_flag_lesbian","category":"Blobhaj","aliases":[]}},{"downloaded":true,"fileName":"blobhaj_flag_nonbinary.png","emoji":{"name":"blobhaj_flag_nonbinary","category":"Blobhaj","aliases":[]}},{"downloaded":true,"fileName":"blobhaj_flag_pansexual.png","emoji":{"name":"blobhaj_flag_pansexual","category":"Blobhaj","aliases":[]}},{"downloaded":true,"fileName":"blobhaj_flag_polypi.png","emoji":{"name":"blobhaj_flag_polypi","category":"Blobhaj","aliases":[]}},{"downloaded":true,"fileName":"blobhaj_flag_polysexual.png","emoji":{"name":"blobhaj_flag_polysexual","category":"Blobhaj","aliases":[]}},{"downloaded":true,"fileName":"blobhaj_flag_polytricolor.png","emoji":{"name":"blobhaj_flag_polytricolor","category":"Blobhaj","aliases":[]}},{"downloaded":true,"fileName":"blobhaj_flag_progress_intersex_left.png","emoji":{"name":"blobhaj_flag_progress_intersex_left","category":"Blobhaj","aliases":[]}},{"downloaded":true,"fileName":"blobhaj_flag_progress_intersex_right.png","emoji":{"name":"blobhaj_flag_progress_intersex_right","category":"Blobhaj","aliases":[]}},{"downloaded":true,"fileName":"blobhaj_flag_transfemme.png","emoji":{"name":"blobhaj_flag_transfemme","category":"Blobhaj","aliases":[]}},{"downloaded":true,"fileName":"blobhaj_flag_transgender.png","emoji":{"name":"blobhaj_flag_transgender","category":"Blobhaj","aliases":[]}},{"downloaded":true,"fileName":"blobhaj_flag_transmasc.png","emoji":{"name":"blobhaj_flag_transmasc","category":"Blobhaj","aliases":[]}},{"downloaded":true,"fileName":"blobhaj_ghostie.png","emoji":{"name":"blobhaj_ghostie","category":"Blobhaj","aliases":[]}},{"downloaded":true,"fileName":"blobhaj_ghostie_alive.png","emoji":{"name":"blobhaj_ghostie_alive","category":"Blobhaj","aliases":[]}},{"downloaded":true,"fileName":"blobhaj_ghostie_boo.png","emoji":{"name":"blobhaj_ghostie_boo","category":"Blobhaj","aliases":[]}},{"downloaded":true,"fileName":"blobhaj_ghostie_surprise.png","emoji":{"name":"blobhaj_ghostie_surprise","category":"Blobhaj","aliases":[]}},{"downloaded":true,"fileName":"blobhaj_glare.png","emoji":{"name":"blobhaj_glare","category":"Blobhaj","aliases":[]}},{"downloaded":true,"fileName":"blobhaj_golly.png","emoji":{"name":"blobhaj_golly","category":"Blobhaj","aliases":[]}},{"downloaded":true,"fileName":"blobhaj_headphones.png","emoji":{"name":"blobhaj_headphones","category":"Blobhaj","aliases":[]}},{"downloaded":true,"fileName":"blobhaj_heart.png","emoji":{"name":"blobhaj_heart","category":"Blobhaj","aliases":[]}},{"downloaded":true,"fileName":"blobhaj_heart_rainbow.png","emoji":{"name":"blobhaj_heart_rainbow","category":"Blobhaj","aliases":[]}},{"downloaded":true,"fileName":"blobhaj_heart_trans.png","emoji":{"name":"blobhaj_heart_trans","category":"Blobhaj","aliases":[]}},{"downloaded":true,"fileName":"blobhaj_hold_asparagus.png","emoji":{"name":"blobhaj_hold_asparagus","category":"Blobhaj","aliases":[]}},{"downloaded":true,"fileName":"blobhaj_hold_sausage.png","emoji":{"name":"blobhaj_hold_sausage","category":"Blobhaj","aliases":[]}},{"downloaded":true,"fileName":"blobhaj_hug.png","emoji":{"name":"blobhaj_hug","category":"Blobhaj","aliases":[]}},{"downloaded":true,"fileName":"blobhaj_hug_blahaj.png","emoji":{"name":"blobhaj_hug_blahaj","category":"Blobhaj","aliases":[]}},{"downloaded":true,"fileName":"blobhaj_hug_plushie.png","emoji":{"name":"blobhaj_hug_plushie","category":"Blobhaj","aliases":[]}},{"downloaded":true,"fileName":"blobhaj_hug_tinybla.png","emoji":{"name":"blobhaj_hug_tinybla","category":"Blobhaj","aliases":[]}},{"downloaded":true,"fileName":"blobhaj_innocent.png","emoji":{"name":"blobhaj_innocent","category":"Blobhaj","aliases":[]}},{"downloaded":true,"fileName":"blobhaj_j.png","emoji":{"name":"blobhaj_j","category":"Blobhaj","aliases":[]}},{"downloaded":true,"fileName":"blobhaj_knife.png","emoji":{"name":"blobhaj_knife","category":"Blobhaj","aliases":[]}},{"downloaded":true,"fileName":"blobhaj_love.png","emoji":{"name":"blobhaj_love","category":"Blobhaj","aliases":[]}},{"downloaded":true,"fileName":"blobhaj_love_wins.png","emoji":{"name":"blobhaj_love_wins","category":"Blobhaj","aliases":[]}},{"downloaded":true,"fileName":"blobhaj_melty.png","emoji":{"name":"blobhaj_melty","category":"Blobhaj","aliases":[]}},{"downloaded":true,"fileName":"blobhaj_melty_crush.png","emoji":{"name":"blobhaj_melty_crush","category":"Blobhaj","aliases":[]}},{"downloaded":true,"fileName":"blobhaj_mlem.png","emoji":{"name":"blobhaj_mlem","category":"Blobhaj","aliases":[]}},{"downloaded":true,"fileName":"blobhaj_pat.png","emoji":{"name":"blobhaj_pat","category":"Blobhaj","aliases":[]}},{"downloaded":true,"fileName":"blobhaj_peek.png","emoji":{"name":"blobhaj_peek","category":"Blobhaj","aliases":[]}},{"downloaded":true,"fileName":"blobhaj_plead_1.png","emoji":{"name":"blobhaj_plead_1","category":"Blobhaj","aliases":[]}},{"downloaded":true,"fileName":"blobhaj_plead_2.png","emoji":{"name":"blobhaj_plead_2","category":"Blobhaj","aliases":[]}},{"downloaded":true,"fileName":"blobhaj_pumphaj.png","emoji":{"name":"blobhaj_pumphaj","category":"Blobhaj","aliases":[]}},{"downloaded":true,"fileName":"blobhaj_pumpkin.png","emoji":{"name":"blobhaj_pumpkin","category":"Blobhaj","aliases":[]}},{"downloaded":true,"fileName":"blobhaj_pumpkin_boo.png","emoji":{"name":"blobhaj_pumpkin_boo","category":"Blobhaj","aliases":[]}},{"downloaded":true,"fileName":"blobhaj_pumpkin_face.png","emoji":{"name":"blobhaj_pumpkin_face","category":"Blobhaj","aliases":[]}},{"downloaded":true,"fileName":"blobhaj_pumpkin_surprise.png","emoji":{"name":"blobhaj_pumpkin_surprise","category":"Blobhaj","aliases":[]}},{"downloaded":true,"fileName":"blobhaj_read_md.png","emoji":{"name":"blobhaj_read_md","category":"Blobhaj","aliases":[]}},{"downloaded":true,"fileName":"blobhaj_read_octopus.png","emoji":{"name":"blobhaj_read_octopus","category":"Blobhaj","aliases":[]}},{"downloaded":true,"fileName":"blobhaj_rocket_hug.png","emoji":{"name":"blobhaj_rocket_hug","category":"Blobhaj","aliases":[]}},{"downloaded":true,"fileName":"blobhaj_sad_reach.png","emoji":{"name":"blobhaj_sad_reach","category":"Blobhaj","aliases":[]}},{"downloaded":true,"fileName":"blobhaj_shock.png","emoji":{"name":"blobhaj_shock","category":"Blobhaj","aliases":[]}},{"downloaded":true,"fileName":"blobhaj_sir_happy.png","emoji":{"name":"blobhaj_sir_happy","category":"Blobhaj","aliases":[]}},{"downloaded":true,"fileName":"blobhaj_sir_unhappy.png","emoji":{"name":"blobhaj_sir_unhappy","category":"Blobhaj","aliases":[]}},{"downloaded":true,"fileName":"blobhaj_sneaky.png","emoji":{"name":"blobhaj_sneaky","category":"Blobhaj","aliases":[]}},{"downloaded":true,"fileName":"blobhaj_sneaky_devil.png","emoji":{"name":"blobhaj_sneaky_devil","category":"Blobhaj","aliases":[]}},{"downloaded":true,"fileName":"blobhaj_sunglasses.png","emoji":{"name":"blobhaj_sunglasses","category":"Blobhaj","aliases":[]}},{"downloaded":true,"fileName":"blobhaj_table.png","emoji":{"name":"blobhaj_table","category":"Blobhaj","aliases":[]}},{"downloaded":true,"fileName":"blobhaj_thanks_love.png","emoji":{"name":"blobhaj_thanks_love","category":"Blobhaj","aliases":[]}},{"downloaded":true,"fileName":"blobhaj_thanks_wow.png","emoji":{"name":"blobhaj_thanks_wow","category":"Blobhaj","aliases":[]}},{"downloaded":true,"fileName":"blobhaj_thinking.png","emoji":{"name":"blobhaj_thinking","category":"Blobhaj","aliases":[]}},{"downloaded":true,"fileName":"blobhaj_thonk.png","emoji":{"name":"blobhaj_thonk","category":"Blobhaj","aliases":[]}},{"downloaded":true,"fileName":"blobhaj_witch.png","emoji":{"name":"blobhaj_witch","category":"Blobhaj","aliases":[]}},{"downloaded":true,"fileName":"blobhaj_witch_broom.png","emoji":{"name":"blobhaj_witch_broom","category":"Blobhaj","aliases":[]}},{"downloaded":true,"fileName":"blobhaj_yeesh.png","emoji":{"name":"blobhaj_yeesh","category":"Blobhaj","aliases":[]}},{"downloaded":true,"fileName":"blobhaj_party.gif","emoji":{"name":"blobhaj_party","category":"Blobhaj","aliases":[]}},{"downloaded":true,"fileName":"blobhaj_party_lights.gif","emoji":{"name":"blobhaj_party_lights","category":"Blobhaj","aliases":[]}},{"downloaded":true,"fileName":"blobhaj_party_rev.gif","emoji":{"name":"blobhaj_party_rev","category":"Blobhaj","aliases":[]}},{"downloaded":true,"fileName":"blobhaj_party_lights_rev.gif","emoji":{"name":"blobhaj_party_lights_rev","category":"Blobhaj","aliases":[]}}]}