{"metaVersion":1,"host":"https://git.joinfirefish.org/firefish/emoji-gen","exportedAt":"2024-03-08T17:34:35.437086877-05:00","emojis":[{"downloaded":true,"fileName":"boykisser.png","emoji":{"name":"boykisser","category":"Custom","aliases":[]}},{"downloaded":true,"fileName":"boykisser_dancing.gif","emoji":{"name":"boykisser_dancing","category":"Custom","aliases":[]}},{"downloaded":true,"fileName":"wikipedia_boykisser.webp","emoji":{"name":"wikipedia_boykisser","category":"Custom","aliases":[]}},{"downloaded":true,"fileName":"notoboykisser.png","emoji":{"name":"notoboykisser","category":"Custom","aliases":[]}}]}