{"metaVersion":1,"host":"https://git.joinfirefish.org/firefish/emoji-gen","exportedAt":"2024-03-19T13:55:42.086108986-05:00","emojis":[{"downloaded":true,"fileName":"ms_avocado.png","emoji":{"name":"ms_avocado","category":"Mutant Standard - Food & Drinks","aliases":[]}},{"downloaded":true,"fileName":"ms_banana.png","emoji":{"name":"ms_banana","category":"Mutant Standard - Food & Drinks","aliases":[]}},{"downloaded":true,"fileName":"ms_beer.png","emoji":{"name":"ms_beer","category":"Mutant Standard - Food & Drinks","aliases":[]}},{"downloaded":true,"fileName":"ms_beers.png","emoji":{"name":"ms_beers","category":"Mutant Standard - Food & Drinks","aliases":[]}},{"downloaded":true,"fileName":"ms_bento.png","emoji":{"name":"ms_bento","category":"Mutant Standard - Food & Drinks","aliases":[]}},{"downloaded":true,"fileName":"ms_birthday_cake.png","emoji":{"name":"ms_birthday_cake","category":"Mutant Standard - Food & Drinks","aliases":[]}},{"downloaded":true,"fileName":"ms_candy.png","emoji":{"name":"ms_candy","category":"Mutant Standard - Food & Drinks","aliases":[]}},{"downloaded":true,"fileName":"ms_cannabis_leaf.png","emoji":{"name":"ms_cannabis_leaf","category":"Mutant Standard - Food & Drinks","aliases":[]}},{"downloaded":true,"fileName":"ms_cherry.png","emoji":{"name":"ms_cherry","category":"Mutant Standard - Food & Drinks","aliases":[]}},{"downloaded":true,"fileName":"ms_cookie.png","emoji":{"name":"ms_cookie","category":"Mutant Standard - Food & Drinks","aliases":[]}},{"downloaded":true,"fileName":"ms_cooking.png","emoji":{"name":"ms_cooking","category":"Mutant Standard - Food & Drinks","aliases":[]}},{"downloaded":true,"fileName":"ms_cup_with_straw.png","emoji":{"name":"ms_cup_with_straw","category":"Mutant Standard - Food & Drinks","aliases":[]}},{"downloaded":true,"fileName":"ms_curry_rice.png","emoji":{"name":"ms_curry_rice","category":"Mutant Standard - Food & Drinks","aliases":[]}},{"downloaded":true,"fileName":"ms_custard.png","emoji":{"name":"ms_custard","category":"Mutant Standard - Food & Drinks","aliases":[]}},{"downloaded":true,"fileName":"ms_dango.png","emoji":{"name":"ms_dango","category":"Mutant Standard - Food & Drinks","aliases":[]}},{"downloaded":true,"fileName":"ms_donut.png","emoji":{"name":"ms_donut","category":"Mutant Standard - Food & Drinks","aliases":[]}},{"downloaded":true,"fileName":"ms_egg.png","emoji":{"name":"ms_egg","category":"Mutant Standard - Food & Drinks","aliases":[]}},{"downloaded":true,"fileName":"ms_eggplant.png","emoji":{"name":"ms_eggplant","category":"Mutant Standard - Food & Drinks","aliases":[]}},{"downloaded":true,"fileName":"ms_green_apple.png","emoji":{"name":"ms_green_apple","category":"Mutant Standard - Food & Drinks","aliases":[]}},{"downloaded":true,"fileName":"ms_hot_drink.png","emoji":{"name":"ms_hot_drink","category":"Mutant Standard - Food & Drinks","aliases":[]}},{"downloaded":true,"fileName":"ms_ice_cream.png","emoji":{"name":"ms_ice_cream","category":"Mutant Standard - Food & Drinks","aliases":[]}},{"downloaded":true,"fileName":"ms_knife_and_fork.png","emoji":{"name":"ms_knife_and_fork","category":"Mutant Standard - Food & Drinks","aliases":[]}},{"downloaded":true,"fileName":"ms_lemon.png","emoji":{"name":"ms_lemon","category":"Mutant Standard - Food & Drinks","aliases":[]}},{"downloaded":true,"fileName":"ms_lollipop.png","emoji":{"name":"ms_lollipop","category":"Mutant Standard - Food & Drinks","aliases":[]}},{"downloaded":true,"fileName":"ms_martini.png","emoji":{"name":"ms_martini","category":"Mutant Standard - Food & Drinks","aliases":[]}},{"downloaded":true,"fileName":"ms_matcha_tea.png","emoji":{"name":"ms_matcha_tea","category":"Mutant Standard - Food & Drinks","aliases":[]}},{"downloaded":true,"fileName":"ms_meat_drumstick.png","emoji":{"name":"ms_meat_drumstick","category":"Mutant Standard - Food & Drinks","aliases":[]}},{"downloaded":true,"fileName":"ms_meat_on_bone.png","emoji":{"name":"ms_meat_on_bone","category":"Mutant Standard - Food & Drinks","aliases":[]}},{"downloaded":true,"fileName":"ms_melon.png","emoji":{"name":"ms_melon","category":"Mutant Standard - Food & Drinks","aliases":[]}},{"downloaded":true,"fileName":"ms_milk.png","emoji":{"name":"ms_milk","category":"Mutant Standard - Food & Drinks","aliases":[]}},{"downloaded":true,"fileName":"ms_oden.png","emoji":{"name":"ms_oden","category":"Mutant Standard - Food & Drinks","aliases":[]}},{"downloaded":true,"fileName":"ms_onigiri.png","emoji":{"name":"ms_onigiri","category":"Mutant Standard - Food & Drinks","aliases":[]}},{"downloaded":true,"fileName":"ms_orange.png","emoji":{"name":"ms_orange","category":"Mutant Standard - Food & Drinks","aliases":[]}},{"downloaded":true,"fileName":"ms_peach.png","emoji":{"name":"ms_peach","category":"Mutant Standard - Food & Drinks","aliases":[]}},{"downloaded":true,"fileName":"ms_pear.png","emoji":{"name":"ms_pear","category":"Mutant Standard - Food & Drinks","aliases":[]}},{"downloaded":true,"fileName":"ms_pineapple.png","emoji":{"name":"ms_pineapple","category":"Mutant Standard - Food & Drinks","aliases":[]}},{"downloaded":true,"fileName":"ms_pizza.png","emoji":{"name":"ms_pizza","category":"Mutant Standard - Food & Drinks","aliases":[]}},{"downloaded":true,"fileName":"ms_plate.png","emoji":{"name":"ms_plate","category":"Mutant Standard - Food & Drinks","aliases":[]}},{"downloaded":true,"fileName":"ms_red_apple.png","emoji":{"name":"ms_red_apple","category":"Mutant Standard - Food & Drinks","aliases":[]}},{"downloaded":true,"fileName":"ms_rice.png","emoji":{"name":"ms_rice","category":"Mutant Standard - Food & Drinks","aliases":[]}},{"downloaded":true,"fileName":"ms_sake.png","emoji":{"name":"ms_sake","category":"Mutant Standard - Food & Drinks","aliases":[]}},{"downloaded":true,"fileName":"ms_senbei.png","emoji":{"name":"ms_senbei","category":"Mutant Standard - Food & Drinks","aliases":[]}},{"downloaded":true,"fileName":"ms_shaved_ice.png","emoji":{"name":"ms_shaved_ice","category":"Mutant Standard - Food & Drinks","aliases":[]}},{"downloaded":true,"fileName":"ms_shortcake.png","emoji":{"name":"ms_shortcake","category":"Mutant Standard - Food & Drinks","aliases":[]}},{"downloaded":true,"fileName":"ms_stew.png","emoji":{"name":"ms_stew","category":"Mutant Standard - Food & Drinks","aliases":[]}},{"downloaded":true,"fileName":"ms_strawberry.png","emoji":{"name":"ms_strawberry","category":"Mutant Standard - Food & Drinks","aliases":[]}},{"downloaded":true,"fileName":"ms_sushi.png","emoji":{"name":"ms_sushi","category":"Mutant Standard - Food & Drinks","aliases":[]}},{"downloaded":true,"fileName":"ms_taco.png","emoji":{"name":"ms_taco","category":"Mutant Standard - Food & Drinks","aliases":[]}},{"downloaded":true,"fileName":"ms_tofu.png","emoji":{"name":"ms_tofu","category":"Mutant Standard - Food & Drinks","aliases":[]}},{"downloaded":true,"fileName":"ms_tropical_drink.png","emoji":{"name":"ms_tropical_drink","category":"Mutant Standard - Food & Drinks","aliases":[]}},{"downloaded":true,"fileName":"ms_tumbler_glass.png","emoji":{"name":"ms_tumbler_glass","category":"Mutant Standard - Food & Drinks","aliases":[]}},{"downloaded":true,"fileName":"ms_watermelon.png","emoji":{"name":"ms_watermelon","category":"Mutant Standard - Food & Drinks","aliases":[]}},{"downloaded":true,"fileName":"ms_wine.png","emoji":{"name":"ms_wine","category":"Mutant Standard - Food & Drinks","aliases":[]}}]}