{"metaVersion":1,"host":"https://git.joinfirefish.org/firefish/emoji-gen","exportedAt":"2024-03-19T13:55:33.335080070-05:00","emojis":[{"downloaded":true,"fileName":"ms_bat.png","emoji":{"name":"ms_bat","category":"Mutant Standard - Animals","aliases":[]}},{"downloaded":true,"fileName":"ms_bear.png","emoji":{"name":"ms_bear","category":"Mutant Standard - Animals","aliases":[]}},{"downloaded":true,"fileName":"ms_bee.png","emoji":{"name":"ms_bee","category":"Mutant Standard - Animals","aliases":[]}},{"downloaded":true,"fileName":"ms_blue_jay.png","emoji":{"name":"ms_blue_jay","category":"Mutant Standard - Animals","aliases":[]}},{"downloaded":true,"fileName":"ms_boar.png","emoji":{"name":"ms_boar","category":"Mutant Standard - Animals","aliases":[]}},{"downloaded":true,"fileName":"ms_cheetah.png","emoji":{"name":"ms_cheetah","category":"Mutant Standard - Animals","aliases":[]}},{"downloaded":true,"fileName":"ms_coyote.png","emoji":{"name":"ms_coyote","category":"Mutant Standard - Animals","aliases":[]}},{"downloaded":true,"fileName":"ms_crane.png","emoji":{"name":"ms_crane","category":"Mutant Standard - Animals","aliases":[]}},{"downloaded":true,"fileName":"ms_crow.png","emoji":{"name":"ms_crow","category":"Mutant Standard - Animals","aliases":[]}},{"downloaded":true,"fileName":"ms_deer_with_antlers.png","emoji":{"name":"ms_deer_with_antlers","category":"Mutant Standard - Animals","aliases":[]}},{"downloaded":true,"fileName":"ms_deer_without_antlers.png","emoji":{"name":"ms_deer_without_antlers","category":"Mutant Standard - Animals","aliases":[]}},{"downloaded":true,"fileName":"ms_dolphin.png","emoji":{"name":"ms_dolphin","category":"Mutant Standard - Animals","aliases":[]}},{"downloaded":true,"fileName":"ms_dove.png","emoji":{"name":"ms_dove","category":"Mutant Standard - Animals","aliases":[]}},{"downloaded":true,"fileName":"ms_duck.png","emoji":{"name":"ms_duck","category":"Mutant Standard - Animals","aliases":[]}},{"downloaded":true,"fileName":"ms_eagle.png","emoji":{"name":"ms_eagle","category":"Mutant Standard - Animals","aliases":[]}},{"downloaded":true,"fileName":"ms_fox.png","emoji":{"name":"ms_fox","category":"Mutant Standard - Animals","aliases":[]}},{"downloaded":true,"fileName":"ms_hyena.png","emoji":{"name":"ms_hyena","category":"Mutant Standard - Animals","aliases":[]}},{"downloaded":true,"fileName":"ms_jackal.png","emoji":{"name":"ms_jackal","category":"Mutant Standard - Animals","aliases":[]}},{"downloaded":true,"fileName":"ms_jaguar.png","emoji":{"name":"ms_jaguar","category":"Mutant Standard - Animals","aliases":[]}},{"downloaded":true,"fileName":"ms_leopard.png","emoji":{"name":"ms_leopard","category":"Mutant Standard - Animals","aliases":[]}},{"downloaded":true,"fileName":"ms_lion_with_mane.png","emoji":{"name":"ms_lion_with_mane","category":"Mutant Standard - Animals","aliases":[]}},{"downloaded":true,"fileName":"ms_lion_without_mane.png","emoji":{"name":"ms_lion_without_mane","category":"Mutant Standard - Animals","aliases":[]}},{"downloaded":true,"fileName":"ms_lynx.png","emoji":{"name":"ms_lynx","category":"Mutant Standard - Animals","aliases":[]}},{"downloaded":true,"fileName":"ms_mouse.png","emoji":{"name":"ms_mouse","category":"Mutant Standard - Animals","aliases":[]}},{"downloaded":true,"fileName":"ms_opossum.png","emoji":{"name":"ms_opossum","category":"Mutant Standard - Animals","aliases":[]}},{"downloaded":true,"fileName":"ms_otter.png","emoji":{"name":"ms_otter","category":"Mutant Standard - Animals","aliases":[]}},{"downloaded":true,"fileName":"ms_owl.png","emoji":{"name":"ms_owl","category":"Mutant Standard - Animals","aliases":[]}},{"downloaded":true,"fileName":"ms_panda.png","emoji":{"name":"ms_panda","category":"Mutant Standard - Animals","aliases":[]}},{"downloaded":true,"fileName":"ms_parrot.png","emoji":{"name":"ms_parrot","category":"Mutant Standard - Animals","aliases":[]}},{"downloaded":true,"fileName":"ms_peacock.png","emoji":{"name":"ms_peacock","category":"Mutant Standard - Animals","aliases":[]}},{"downloaded":true,"fileName":"ms_pelican.png","emoji":{"name":"ms_pelican","category":"Mutant Standard - Animals","aliases":[]}},{"downloaded":true,"fileName":"ms_penguin.png","emoji":{"name":"ms_penguin","category":"Mutant Standard - Animals","aliases":[]}},{"downloaded":true,"fileName":"ms_pigeon.png","emoji":{"name":"ms_pigeon","category":"Mutant Standard - Animals","aliases":[]}},{"downloaded":true,"fileName":"ms_puffer_fish.png","emoji":{"name":"ms_puffer_fish","category":"Mutant Standard - Animals","aliases":[]}},{"downloaded":true,"fileName":"ms_rabbit.png","emoji":{"name":"ms_rabbit","category":"Mutant Standard - Animals","aliases":[]}},{"downloaded":true,"fileName":"ms_raccoon.png","emoji":{"name":"ms_raccoon","category":"Mutant Standard - Animals","aliases":[]}},{"downloaded":true,"fileName":"ms_ram.png","emoji":{"name":"ms_ram","category":"Mutant Standard - Animals","aliases":[]}},{"downloaded":true,"fileName":"ms_rat.png","emoji":{"name":"ms_rat","category":"Mutant Standard - Animals","aliases":[]}},{"downloaded":true,"fileName":"ms_red_panda.png","emoji":{"name":"ms_red_panda","category":"Mutant Standard - Animals","aliases":[]}},{"downloaded":true,"fileName":"ms_rooster.png","emoji":{"name":"ms_rooster","category":"Mutant Standard - Animals","aliases":[]}},{"downloaded":true,"fileName":"ms_shark.png","emoji":{"name":"ms_shark","category":"Mutant Standard - Animals","aliases":[]}},{"downloaded":true,"fileName":"ms_skunk.png","emoji":{"name":"ms_skunk","category":"Mutant Standard - Animals","aliases":[]}},{"downloaded":true,"fileName":"ms_snake.png","emoji":{"name":"ms_snake","category":"Mutant Standard - Animals","aliases":[]}},{"downloaded":true,"fileName":"ms_snow_leopard.png","emoji":{"name":"ms_snow_leopard","category":"Mutant Standard - Animals","aliases":[]}},{"downloaded":true,"fileName":"ms_spider.png","emoji":{"name":"ms_spider","category":"Mutant Standard - Animals","aliases":[]}},{"downloaded":true,"fileName":"ms_squirrel.png","emoji":{"name":"ms_squirrel","category":"Mutant Standard - Animals","aliases":[]}},{"downloaded":true,"fileName":"ms_tiger.png","emoji":{"name":"ms_tiger","category":"Mutant Standard - Animals","aliases":[]}},{"downloaded":true,"fileName":"ms_toucan.png","emoji":{"name":"ms_toucan","category":"Mutant Standard - Animals","aliases":[]}},{"downloaded":true,"fileName":"ms_turtle.png","emoji":{"name":"ms_turtle","category":"Mutant Standard - Animals","aliases":[]}},{"downloaded":true,"fileName":"ms_wolf.png","emoji":{"name":"ms_wolf","category":"Mutant Standard - Animals","aliases":[]}}]}