{"metaVersion":1,"host":"https://git.joinfirefish.org/firefish/emoji-gen","exportedAt":"2024-03-10T00:25:12.016791443-06:00","emojis":[{"downloaded":true,"fileName":"n64_functionreference.gif","emoji":{"name":"n64_functionreference","category":"Nintendo 64 Devkit Manual","aliases":[]}},{"downloaded":true,"fileName":"n64_keywords.gif","emoji":{"name":"n64_keywords","category":"Nintendo 64 Devkit Manual","aliases":[]}},{"downloaded":true,"fileName":"n64_introton64andtutorial.gif","emoji":{"name":"n64_introton64andtutorial","category":"Nintendo 64 Devkit Manual","aliases":[]}},{"downloaded":true,"fileName":"n64_developernews.gif","emoji":{"name":"n64_developernews","category":"Nintendo 64 Devkit Manual","aliases":[]}},{"downloaded":true,"fileName":"n64_applicationsandsamples.gif","emoji":{"name":"n64_applicationsandsamples","category":"Nintendo 64 Devkit Manual","aliases":[]}},{"downloaded":true,"fileName":"n64_manpages.gif","emoji":{"name":"n64_manpages","category":"Nintendo 64 Devkit Manual","aliases":[]}},{"downloaded":true,"fileName":"n64_microcode.gif","emoji":{"name":"n64_microcode","category":"Nintendo 64 Devkit Manual","aliases":[]}},{"downloaded":true,"fileName":"n64_n64diskdrive.gif","emoji":{"name":"n64_n64diskdrive","category":"Nintendo 64 Devkit Manual","aliases":[]}},{"downloaded":true,"fileName":"n64_niff.gif","emoji":{"name":"n64_niff","category":"Nintendo 64 Devkit Manual","aliases":[]}},{"downloaded":true,"fileName":"n64_nusystem.gif","emoji":{"name":"n64_nusystem","category":"Nintendo 64 Devkit Manual","aliases":[]}},{"downloaded":true,"fileName":"n64_buttonblank.gif","emoji":{"name":"n64_buttonblank","category":"Nintendo 64 Devkit Manual","aliases":[]}},{"downloaded":true,"fileName":"n64_programmingcautions.gif","emoji":{"name":"n64_programmingcautions","category":"Nintendo 64 Devkit Manual","aliases":[]}},{"downloaded":true,"fileName":"n64_programmingmanual.gif","emoji":{"name":"n64_programmingmanual","category":"Nintendo 64 Devkit Manual","aliases":[]}},{"downloaded":true,"fileName":"n64_qna.gif","emoji":{"name":"n64_qna","category":"Nintendo 64 Devkit Manual","aliases":[]}},{"downloaded":true,"fileName":"n64_submissionrequirements.gif","emoji":{"name":"n64_submissionrequirements","category":"Nintendo 64 Devkit Manual","aliases":[]}},{"downloaded":true,"fileName":"n64_structure.gif","emoji":{"name":"n64_structure","category":"Nintendo 64 Devkit Manual","aliases":[]}},{"downloaded":true,"fileName":"n64_title.gif","emoji":{"name":"n64_title","category":"Nintendo 64 Devkit Manual","aliases":[]}},{"downloaded":true,"fileName":"n64_index.gif","emoji":{"name":"n64_index","category":"Nintendo 64 Devkit Manual","aliases":[]}},{"downloaded":true,"fileName":"n64_devtools.gif","emoji":{"name":"n64_devtools","category":"Nintendo 64 Devkit Manual","aliases":[]}},{"downloaded":true,"fileName":"n64_n64tutorial.gif","emoji":{"name":"n64_n64tutorial","category":"Nintendo 64 Devkit Manual","aliases":[]}},{"downloaded":true,"fileName":"n64_ucode.gif","emoji":{"name":"n64_ucode","category":"Nintendo 64 Devkit Manual","aliases":[]}},{"downloaded":true,"fileName":"n64_update.gif","emoji":{"name":"n64_update","category":"Nintendo 64 Devkit Manual","aliases":[]}},{"downloaded":true,"fileName":"n64_uparrow.gif","emoji":{"name":"n64_uparrow","category":"Nintendo 64 Devkit Manual","aliases":[]}},{"downloaded":true,"fileName":"n64_update2.gif","emoji":{"name":"n64_update2","category":"Nintendo 64 Devkit Manual","aliases":[]}},{"downloaded":true,"fileName":"n64_update3.gif","emoji":{"name":"n64_update3","category":"Nintendo 64 Devkit Manual","aliases":[]}},{"downloaded":true,"fileName":"n64_update4.gif","emoji":{"name":"n64_update4","category":"Nintendo 64 Devkit Manual","aliases":[]}},{"downloaded":true,"fileName":"n64_update5.gif","emoji":{"name":"n64_update5","category":"Nintendo 64 Devkit Manual","aliases":[]}},{"downloaded":true,"fileName":"n64_update6.gif","emoji":{"name":"n64_update6","category":"Nintendo 64 Devkit Manual","aliases":[]}},{"downloaded":true,"fileName":"n64_whatsnew.gif","emoji":{"name":"n64_whatsnew","category":"Nintendo 64 Devkit Manual","aliases":[]}},{"downloaded":true,"fileName":"n64_16k.gif","emoji":{"name":"n64_16k","category":"Nintendo 64 Devkit Manual","aliases":[]}},{"downloaded":true,"fileName":"n64_mpack.gif","emoji":{"name":"n64_mpack","category":"Nintendo 64 Devkit Manual","aliases":[]}},{"downloaded":true,"fileName":"n64_64dd.gif","emoji":{"name":"n64_64dd","category":"Nintendo 64 Devkit Manual","aliases":[]}},{"downloaded":true,"fileName":"n64_6102.gif","emoji":{"name":"n64_6102","category":"Nintendo 64 Devkit Manual","aliases":[]}},{"downloaded":true,"fileName":"n64_7101.gif","emoji":{"name":"n64_7101","category":"Nintendo 64 Devkit Manual","aliases":[]}},{"downloaded":true,"fileName":"n64_acro.gif","emoji":{"name":"n64_acro","category":"Nintendo 64 Devkit Manual","aliases":[]}},{"downloaded":true,"fileName":"n64_beginners.gif","emoji":{"name":"n64_beginners","category":"Nintendo 64 Devkit Manual","aliases":[]}},{"downloaded":true,"fileName":"n64_caution.gif","emoji":{"name":"n64_caution","category":"Nintendo 64 Devkit Manual","aliases":[]}},{"downloaded":true,"fileName":"n64_devnews.gif","emoji":{"name":"n64_devnews","category":"Nintendo 64 Devkit Manual","aliases":[]}},{"downloaded":true,"fileName":"n64_downarrow.gif","emoji":{"name":"n64_downarrow","category":"Nintendo 64 Devkit Manual","aliases":[]}},{"downloaded":true,"fileName":"n64_index2.gif","emoji":{"name":"n64_index2","category":"Nintendo 64 Devkit Manual","aliases":[]}},{"downloaded":true,"fileName":"n64_infosubmission.gif","emoji":{"name":"n64_infosubmission","category":"Nintendo 64 Devkit Manual","aliases":[]}},{"downloaded":true,"fileName":"n64_kantan.gif","emoji":{"name":"n64_kantan","category":"Nintendo 64 Devkit Manual","aliases":[]}},{"downloaded":true,"fileName":"n64_introductionto.gif","emoji":{"name":"n64_introductionto","category":"Nintendo 64 Devkit Manual","aliases":[]}},{"downloaded":true,"fileName":"n64_keywords2.gif","emoji":{"name":"n64_keywords2","category":"Nintendo 64 Devkit Manual","aliases":[]}},{"downloaded":true,"fileName":"n64_leftarrow.gif","emoji":{"name":"n64_leftarrow","category":"Nintendo 64 Devkit Manual","aliases":[]}},{"downloaded":true,"fileName":"n64_big.jpeg","emoji":{"name":"n64_big","category":"Nintendo 64 Devkit Manual","aliases":[]}},{"downloaded":true,"fileName":"n64_logo2.gif","emoji":{"name":"n64_logo2","category":"Nintendo 64 Devkit Manual","aliases":[]}},{"downloaded":true,"fileName":"n64_funcreference.gif","emoji":{"name":"n64_funcreference","category":"Nintendo 64 Devkit Manual","aliases":[]}},{"downloaded":true,"fileName":"n64_new.gif","emoji":{"name":"n64_new","category":"Nintendo 64 Devkit Manual","aliases":[]}},{"downloaded":true,"fileName":"n64_new2.gif","emoji":{"name":"n64_new2","category":"Nintendo 64 Devkit Manual","aliases":[]}},{"downloaded":true,"fileName":"n64_new3.gif","emoji":{"name":"n64_new3","category":"Nintendo 64 Devkit Manual","aliases":[]}},{"downloaded":true,"fileName":"n64_new4.gif","emoji":{"name":"n64_new4","category":"Nintendo 64 Devkit Manual","aliases":[]}},{"downloaded":true,"fileName":"n64_new5.gif","emoji":{"name":"n64_new5","category":"Nintendo 64 Devkit Manual","aliases":[]}},{"downloaded":true,"fileName":"n64_new6.gif","emoji":{"name":"n64_new6","category":"Nintendo 64 Devkit Manual","aliases":[]}},{"downloaded":true,"fileName":"n64_next.gif","emoji":{"name":"n64_next","category":"Nintendo 64 Devkit Manual","aliases":[]}},{"downloaded":true,"fileName":"n64_niff2.gif","emoji":{"name":"n64_niff2","category":"Nintendo 64 Devkit Manual","aliases":[]}},{"downloaded":true,"fileName":"n64_niff3.gif","emoji":{"name":"n64_niff3","category":"Nintendo 64 Devkit Manual","aliases":[]}},{"downloaded":true,"fileName":"n64_niff4.gif","emoji":{"name":"n64_niff4","category":"Nintendo 64 Devkit Manual","aliases":[]}},{"downloaded":true,"fileName":"n64_niff5.gif","emoji":{"name":"n64_niff5","category":"Nintendo 64 Devkit Manual","aliases":[]}},{"downloaded":true,"fileName":"n64_nintendo.gif","emoji":{"name":"n64_nintendo","category":"Nintendo 64 Devkit Manual","aliases":[]}},{"downloaded":true,"fileName":"n64_ntsconline.gif","emoji":{"name":"n64_ntsconline","category":"Nintendo 64 Devkit Manual","aliases":[]}},{"downloaded":true,"fileName":"n64_nusystem2.gif","emoji":{"name":"n64_nusystem2","category":"Nintendo 64 Devkit Manual","aliases":[]}},{"downloaded":true,"fileName":"n64_nusystem3.gif","emoji":{"name":"n64_nusystem3","category":"Nintendo 64 Devkit Manual","aliases":[]}},{"downloaded":true,"fileName":"n64_nusystem4.gif","emoji":{"name":"n64_nusystem4","category":"Nintendo 64 Devkit Manual","aliases":[]}},{"downloaded":true,"fileName":"n64_previous.gif","emoji":{"name":"n64_previous","category":"Nintendo 64 Devkit Manual","aliases":[]}},{"downloaded":true,"fileName":"n64_programming.gif","emoji":{"name":"n64_programming","category":"Nintendo 64 Devkit Manual","aliases":[]}},{"downloaded":true,"fileName":"n64_qna2.gif","emoji":{"name":"n64_qna2","category":"Nintendo 64 Devkit Manual","aliases":[]}},{"downloaded":true,"fileName":"n64_renewal.gif","emoji":{"name":"n64_renewal","category":"Nintendo 64 Devkit Manual","aliases":[]}},{"downloaded":true,"fileName":"n64_renewal2.gif","emoji":{"name":"n64_renewal2","category":"Nintendo 64 Devkit Manual","aliases":[]}},{"downloaded":true,"fileName":"n64_toppage.gif","emoji":{"name":"n64_toppage","category":"Nintendo 64 Devkit Manual","aliases":[]}},{"downloaded":true,"fileName":"n64_revised.gif","emoji":{"name":"n64_revised","category":"Nintendo 64 Devkit Manual","aliases":[]}},{"downloaded":true,"fileName":"n64_rightarrow.gif","emoji":{"name":"n64_rightarrow","category":"Nintendo 64 Devkit Manual","aliases":[]}},{"downloaded":true,"fileName":"n64_ball.gif","emoji":{"name":"n64_ball","category":"Nintendo 64 Devkit Manual","aliases":[]}}]}