{"metaVersion":1,"host":"https://git.joinfirefish.org/firefish/emoji-gen","exportedAt":"2024-03-19T13:55:42.234281297-05:00","emojis":[{"downloaded":true,"fileName":"ms_ace_sign.png","emoji":{"name":"ms_ace_sign","category":"Mutant Standard - Gender, Sexuality, Relationships","aliases":[]}},{"downloaded":true,"fileName":"ms_agender_flag.png","emoji":{"name":"ms_agender_flag","category":"Mutant Standard - Gender, Sexuality, Relationships","aliases":[]}},{"downloaded":true,"fileName":"ms_androgyne_flag.png","emoji":{"name":"ms_androgyne_flag","category":"Mutant Standard - Gender, Sexuality, Relationships","aliases":[]}},{"downloaded":true,"fileName":"ms_androgyne_symbol.png","emoji":{"name":"ms_androgyne_symbol","category":"Mutant Standard - Gender, Sexuality, Relationships","aliases":[]}},{"downloaded":true,"fileName":"ms_aro_sign.png","emoji":{"name":"ms_aro_sign","category":"Mutant Standard - Gender, Sexuality, Relationships","aliases":[]}},{"downloaded":true,"fileName":"ms_aromantic_flag.png","emoji":{"name":"ms_aromantic_flag","category":"Mutant Standard - Gender, Sexuality, Relationships","aliases":[]}},{"downloaded":true,"fileName":"ms_asexual_flag.png","emoji":{"name":"ms_asexual_flag","category":"Mutant Standard - Gender, Sexuality, Relationships","aliases":[]}},{"downloaded":true,"fileName":"ms_bear_flag.png","emoji":{"name":"ms_bear_flag","category":"Mutant Standard - Gender, Sexuality, Relationships","aliases":[]}},{"downloaded":true,"fileName":"ms_bigender_flag.png","emoji":{"name":"ms_bigender_flag","category":"Mutant Standard - Gender, Sexuality, Relationships","aliases":[]}},{"downloaded":true,"fileName":"ms_bisexual_flag.png","emoji":{"name":"ms_bisexual_flag","category":"Mutant Standard - Gender, Sexuality, Relationships","aliases":[]}},{"downloaded":true,"fileName":"ms_bisexual_triangles.png","emoji":{"name":"ms_bisexual_triangles","category":"Mutant Standard - Gender, Sexuality, Relationships","aliases":[]}},{"downloaded":true,"fileName":"ms_black_triangle.png","emoji":{"name":"ms_black_triangle","category":"Mutant Standard - Gender, Sexuality, Relationships","aliases":[]}},{"downloaded":true,"fileName":"ms_demigirl_flag.png","emoji":{"name":"ms_demigirl_flag","category":"Mutant Standard - Gender, Sexuality, Relationships","aliases":[]}},{"downloaded":true,"fileName":"ms_demiguy_flag.png","emoji":{"name":"ms_demiguy_flag","category":"Mutant Standard - Gender, Sexuality, Relationships","aliases":[]}},{"downloaded":true,"fileName":"ms_deminonbinary_flag.png","emoji":{"name":"ms_deminonbinary_flag","category":"Mutant Standard - Gender, Sexuality, Relationships","aliases":[]}},{"downloaded":true,"fileName":"ms_demisexual_flag.png","emoji":{"name":"ms_demisexual_flag","category":"Mutant Standard - Gender, Sexuality, Relationships","aliases":[]}},{"downloaded":true,"fileName":"ms_enbian_flag.png","emoji":{"name":"ms_enbian_flag","category":"Mutant Standard - Gender, Sexuality, Relationships","aliases":[]}},{"downloaded":true,"fileName":"ms_enby_crossbow.png","emoji":{"name":"ms_enby_crossbow","category":"Mutant Standard - Gender, Sexuality, Relationships","aliases":[]}},{"downloaded":true,"fileName":"ms_female_and_male_symbol.png","emoji":{"name":"ms_female_and_male_symbol","category":"Mutant Standard - Gender, Sexuality, Relationships","aliases":[]}},{"downloaded":true,"fileName":"ms_female_symbol.png","emoji":{"name":"ms_female_symbol","category":"Mutant Standard - Gender, Sexuality, Relationships","aliases":[]}},{"downloaded":true,"fileName":"ms_furry_pride.png","emoji":{"name":"ms_furry_pride","category":"Mutant Standard - Gender, Sexuality, Relationships","aliases":[]}},{"downloaded":true,"fileName":"ms_gay.png","emoji":{"name":"ms_gay","category":"Mutant Standard - Gender, Sexuality, Relationships","aliases":[]}},{"downloaded":true,"fileName":"ms_gay_man_flag.png","emoji":{"name":"ms_gay_man_flag","category":"Mutant Standard - Gender, Sexuality, Relationships","aliases":[]}},{"downloaded":true,"fileName":"ms_genderfluid_flag.png","emoji":{"name":"ms_genderfluid_flag","category":"Mutant Standard - Gender, Sexuality, Relationships","aliases":[]}},{"downloaded":true,"fileName":"ms_genderqueer_flag.png","emoji":{"name":"ms_genderqueer_flag","category":"Mutant Standard - Gender, Sexuality, Relationships","aliases":[]}},{"downloaded":true,"fileName":"ms_intersex_flag.png","emoji":{"name":"ms_intersex_flag","category":"Mutant Standard - Gender, Sexuality, Relationships","aliases":[]}},{"downloaded":true,"fileName":"ms_labrys_symbol.png","emoji":{"name":"ms_labrys_symbol","category":"Mutant Standard - Gender, Sexuality, Relationships","aliases":[]}},{"downloaded":true,"fileName":"ms_lambda.png","emoji":{"name":"ms_lambda","category":"Mutant Standard - Gender, Sexuality, Relationships","aliases":[]}},{"downloaded":true,"fileName":"ms_leather_flag.png","emoji":{"name":"ms_leather_flag","category":"Mutant Standard - Gender, Sexuality, Relationships","aliases":[]}},{"downloaded":true,"fileName":"ms_lesbian_flag.png","emoji":{"name":"ms_lesbian_flag","category":"Mutant Standard - Gender, Sexuality, Relationships","aliases":[]}},{"downloaded":true,"fileName":"ms_lunaric_flag.png","emoji":{"name":"ms_lunaric_flag","category":"Mutant Standard - Gender, Sexuality, Relationships","aliases":[]}},{"downloaded":true,"fileName":"ms_male_female_symbol.png","emoji":{"name":"ms_male_female_symbol","category":"Mutant Standard - Gender, Sexuality, Relationships","aliases":[]}},{"downloaded":true,"fileName":"ms_male_symbol.png","emoji":{"name":"ms_male_symbol","category":"Mutant Standard - Gender, Sexuality, Relationships","aliases":[]}},{"downloaded":true,"fileName":"ms_mercuric_flag.png","emoji":{"name":"ms_mercuric_flag","category":"Mutant Standard - Gender, Sexuality, Relationships","aliases":[]}},{"downloaded":true,"fileName":"ms_nb.png","emoji":{"name":"ms_nb","category":"Mutant Standard - Gender, Sexuality, Relationships","aliases":[]}},{"downloaded":true,"fileName":"ms_neuter_symbol.png","emoji":{"name":"ms_neuter_symbol","category":"Mutant Standard - Gender, Sexuality, Relationships","aliases":[]}},{"downloaded":true,"fileName":"ms_neutrois_flag.png","emoji":{"name":"ms_neutrois_flag","category":"Mutant Standard - Gender, Sexuality, Relationships","aliases":[]}},{"downloaded":true,"fileName":"ms_nonbinary_flag.png","emoji":{"name":"ms_nonbinary_flag","category":"Mutant Standard - Gender, Sexuality, Relationships","aliases":[]}},{"downloaded":true,"fileName":"ms_omnisexual_flag.png","emoji":{"name":"ms_omnisexual_flag","category":"Mutant Standard - Gender, Sexuality, Relationships","aliases":[]}},{"downloaded":true,"fileName":"ms_pansexual_flag.png","emoji":{"name":"ms_pansexual_flag","category":"Mutant Standard - Gender, Sexuality, Relationships","aliases":[]}},{"downloaded":true,"fileName":"ms_pink_triangle.png","emoji":{"name":"ms_pink_triangle","category":"Mutant Standard - Gender, Sexuality, Relationships","aliases":[]}},{"downloaded":true,"fileName":"ms_polyamory_flag.png","emoji":{"name":"ms_polyamory_flag","category":"Mutant Standard - Gender, Sexuality, Relationships","aliases":[]}},{"downloaded":true,"fileName":"ms_polysexual_flag.png","emoji":{"name":"ms_polysexual_flag","category":"Mutant Standard - Gender, Sexuality, Relationships","aliases":[]}},{"downloaded":true,"fileName":"ms_pride_100.png","emoji":{"name":"ms_pride_100","category":"Mutant Standard - Gender, Sexuality, Relationships","aliases":[]}},{"downloaded":true,"fileName":"ms_quoiromantic_flag.png","emoji":{"name":"ms_quoiromantic_flag","category":"Mutant Standard - Gender, Sexuality, Relationships","aliases":[]}},{"downloaded":true,"fileName":"ms_rainbow_flag.png","emoji":{"name":"ms_rainbow_flag","category":"Mutant Standard - Gender, Sexuality, Relationships","aliases":[]}},{"downloaded":true,"fileName":"ms_so_gay.png","emoji":{"name":"ms_so_gay","category":"Mutant Standard - Gender, Sexuality, Relationships","aliases":[]}},{"downloaded":true,"fileName":"ms_solaric_flag.png","emoji":{"name":"ms_solaric_flag","category":"Mutant Standard - Gender, Sexuality, Relationships","aliases":[]}},{"downloaded":true,"fileName":"ms_stellaric_flag.png","emoji":{"name":"ms_stellaric_flag","category":"Mutant Standard - Gender, Sexuality, Relationships","aliases":[]}},{"downloaded":true,"fileName":"ms_transgender_flag.png","emoji":{"name":"ms_transgender_flag","category":"Mutant Standard - Gender, Sexuality, Relationships","aliases":[]}},{"downloaded":true,"fileName":"ms_transgender_mercury_symbol.png","emoji":{"name":"ms_transgender_mercury_symbol","category":"Mutant Standard - Gender, Sexuality, Relationships","aliases":[]}},{"downloaded":true,"fileName":"ms_transgender_symbol.png","emoji":{"name":"ms_transgender_symbol","category":"Mutant Standard - Gender, Sexuality, Relationships","aliases":[]}},{"downloaded":true,"fileName":"ms_two_female_symbols.png","emoji":{"name":"ms_two_female_symbols","category":"Mutant Standard - Gender, Sexuality, Relationships","aliases":[]}},{"downloaded":true,"fileName":"ms_two_male_symbols.png","emoji":{"name":"ms_two_male_symbols","category":"Mutant Standard - Gender, Sexuality, Relationships","aliases":[]}}]}