{"metaVersion":1,"host":"https://git.joinfirefish.org/firefish/emoji-gen","exportedAt":"2024-03-19T13:55:33.428483419-05:00","emojis":[{"downloaded":true,"fileName":"ms_2_busts_in_silhouette.png","emoji":{"name":"ms_2_busts_in_silhouette","category":"Mutant Standard - Aspects","aliases":[]}},{"downloaded":true,"fileName":"ms_bust_in_silhouette.png","emoji":{"name":"ms_bust_in_silhouette","category":"Mutant Standard - Aspects","aliases":[]}},{"downloaded":true,"fileName":"ms_paw_print.png","emoji":{"name":"ms_paw_print","category":"Mutant Standard - Aspects","aliases":[]}},{"downloaded":true,"fileName":"ms_paws.png","emoji":{"name":"ms_paws","category":"Mutant Standard - Aspects","aliases":[]}},{"downloaded":true,"fileName":"ms_spider_web.png","emoji":{"name":"ms_spider_web","category":"Mutant Standard - Aspects","aliases":[]}}]}