{"metaVersion":1,"host":"https://git.joinfirefish.org/firefish/emoji-gen","exportedAt":"2024-03-08T10:43:51.581398608-06:00","emojis":[{"downloaded":true,"fileName":"r_woahdude.gif","emoji":{"name":"r_woahdude","category":"Reddit","aliases":[]}},{"downloaded":true,"fileName":"r_waitwhat.gif","emoji":{"name":"r_waitwhat","category":"Reddit","aliases":[]}},{"downloaded":true,"fileName":"r_rocket.gif","emoji":{"name":"r_rocket","category":"Reddit","aliases":[]}},{"downloaded":true,"fileName":"r_levelup.gif","emoji":{"name":"r_levelup","category":"Reddit","aliases":[]}},{"downloaded":true,"fileName":"r_ishy.gif","emoji":{"name":"r_ishy","category":"Reddit","aliases":[]}},{"downloaded":true,"fileName":"r_heartmedal.gif","emoji":{"name":"r_heartmedal","category":"Reddit","aliases":[]}},{"downloaded":true,"fileName":"r_heartbreak.gif","emoji":{"name":"r_heartbreak","category":"Reddit","aliases":[]}},{"downloaded":true,"fileName":"r_calculating.gif","emoji":{"name":"r_calculating","category":"Reddit","aliases":[]}},{"downloaded":true,"fileName":"r_blowakiss.gif","emoji":{"name":"r_blowakiss","category":"Reddit","aliases":[]}},{"downloaded":true,"fileName":"r_beminevalentin.gif","emoji":{"name":"r_beminevalentin","category":"Reddit","aliases":[]}},{"downloaded":true,"fileName":"r_beatingheart.gif","emoji":{"name":"r_beatingheart","category":"Reddit","aliases":[]}},{"downloaded":true,"fileName":"r_trinity.gif","emoji":{"name":"r_trinity","category":"Reddit","aliases":[]}},{"downloaded":true,"fileName":"r_silver.png","emoji":{"name":"r_silver","category":"Reddit","aliases":[]}},{"downloaded":true,"fileName":"r_platinum.png","emoji":{"name":"r_platinum","category":"Reddit","aliases":[]}},{"downloaded":true,"fileName":"r_mithril.gif","emoji":{"name":"r_mithril","category":"Reddit","aliases":[]}},{"downloaded":true,"fileName":"r_gold.png","emoji":{"name":"r_gold","category":"Reddit","aliases":[]}},{"downloaded":true,"fileName":"r_starstruck.gif","emoji":{"name":"r_starstruck","category":"Reddit","aliases":[]}},{"downloaded":true,"fileName":"r_sidevote.gif","emoji":{"name":"r_sidevote","category":"Reddit","aliases":[]}},{"downloaded":true,"fileName":"r_yummy.png","emoji":{"name":"r_yummy","category":"Reddit","aliases":[]}},{"downloaded":true,"fileName":"r_yasqueen.png","emoji":{"name":"r_yasqueen","category":"Reddit","aliases":[]}},{"downloaded":true,"fileName":"r_wholesomesuperpro.png","emoji":{"name":"r_wholesomesuperpro","category":"Reddit","aliases":[]}},{"downloaded":true,"fileName":"r_wholesomesealofapproval.png","emoji":{"name":"r_wholesomesealofapproval","category":"Reddit","aliases":[]}},{"downloaded":true,"fileName":"r_wholesome.png","emoji":{"name":"r_wholesome","category":"Reddit","aliases":[]}},{"downloaded":true,"fileName":"r_updoot.png","emoji":{"name":"r_updoot","category":"Reddit","aliases":[]}},{"downloaded":true,"fileName":"r_updoot.gif","emoji":{"name":"r_updoot","category":"Reddit","aliases":[]}},{"downloaded":true,"fileName":"r_treehug.png","emoji":{"name":"r_treehug","category":"Reddit","aliases":[]}},{"downloaded":true,"fileName":"r_trainsilver.gif","emoji":{"name":"r_trainsilver","category":"Reddit","aliases":[]}},{"downloaded":true,"fileName":"r_todayilearned.png","emoji":{"name":"r_todayilearned","category":"Reddit","aliases":[]}},{"downloaded":true,"fileName":"r_timeless.gif","emoji":{"name":"r_timeless","category":"Reddit","aliases":[]}},{"downloaded":true,"fileName":"r_this.png","emoji":{"name":"r_this","category":"Reddit","aliases":[]}},{"downloaded":true,"fileName":"r_thanks.png","emoji":{"name":"r_thanks","category":"Reddit","aliases":[]}},{"downloaded":true,"fileName":"r_teleportout.gif","emoji":{"name":"r_teleportout","category":"Reddit","aliases":[]}},{"downloaded":true,"fileName":"r_teleportin.gif","emoji":{"name":"r_teleportin","category":"Reddit","aliases":[]}},{"downloaded":true,"fileName":"r_tearingup.png","emoji":{"name":"r_tearingup","category":"Reddit","aliases":[]}},{"downloaded":true,"fileName":"r_takemypower.gif","emoji":{"name":"r_takemypower","category":"Reddit","aliases":[]}},{"downloaded":true,"fileName":"r_tableslap.gif","emoji":{"name":"r_tableslap","category":"Reddit","aliases":[]}},{"downloaded":true,"fileName":"r_superheart.gif","emoji":{"name":"r_superheart","category":"Reddit","aliases":[]}},{"downloaded":true,"fileName":"r_stonksrising.png","emoji":{"name":"r_stonksrising","category":"Reddit","aliases":[]}},{"downloaded":true,"fileName":"r_stonksfalling.png","emoji":{"name":"r_stonksfalling","category":"Reddit","aliases":[]}},{"downloaded":true,"fileName":"r_spitsdrink.gif","emoji":{"name":"r_spitsdrink","category":"Reddit","aliases":[]}},{"downloaded":true,"fileName":"r_snooclappingpremium.gif","emoji":{"name":"r_snooclappingpremium","category":"Reddit","aliases":[]}},{"downloaded":true,"fileName":"r_snooclapping.gif","emoji":{"name":"r_snooclapping","category":"Reddit","aliases":[]}},{"downloaded":true,"fileName":"r_snek.png","emoji":{"name":"r_snek","category":"Reddit","aliases":[]}},{"downloaded":true,"fileName":"r_shocked.png","emoji":{"name":"r_shocked","category":"Reddit","aliases":[]}},{"downloaded":true,"fileName":"r_pressf.png","emoji":{"name":"r_pressf","category":"Reddit","aliases":[]}},{"downloaded":true,"fileName":"r_potocoins.png","emoji":{"name":"r_potocoins","category":"Reddit","aliases":[]}},{"downloaded":true,"fileName":"r_plusone.png","emoji":{"name":"r_plusone","category":"Reddit","aliases":[]}},{"downloaded":true,"fileName":"r_original.png","emoji":{"name":"r_original","category":"Reddit","aliases":[]}},{"downloaded":true,"fileName":"r_oldwearing.png","emoji":{"name":"r_oldwearing","category":"Reddit","aliases":[]}},{"downloaded":true,"fileName":"r_oldtakemyenergy.png","emoji":{"name":"r_oldtakemyenergy","category":"Reddit","aliases":[]}},{"downloaded":true,"fileName":"r_oldrocketlike.png","emoji":{"name":"r_oldrocketlike","category":"Reddit","aliases":[]}},{"downloaded":true,"fileName":"r_olddisappoint.png","emoji":{"name":"r_olddisappoint","category":"Reddit","aliases":[]}},{"downloaded":true,"fileName":"r_narwhalsalute.png","emoji":{"name":"r_narwhalsalute","category":"Reddit","aliases":[]}},{"downloaded":true,"fileName":"r_murica.png","emoji":{"name":"r_murica","category":"Reddit","aliases":[]}},{"downloaded":true,"fileName":"r_mindblown.png","emoji":{"name":"r_mindblown","category":"Reddit","aliases":[]}},{"downloaded":true,"fileName":"r_mademesmile.png","emoji":{"name":"r_mademesmile","category":"Reddit","aliases":[]}},{"downloaded":true,"fileName":"r_love.png","emoji":{"name":"r_love","category":"Reddit","aliases":[]}},{"downloaded":true,"fileName":"r_looking.png","emoji":{"name":"r_looking","category":"Reddit","aliases":[]}},{"downloaded":true,"fileName":"r_lawyerup.png","emoji":{"name":"r_lawyerup","category":"Reddit","aliases":[]}},{"downloaded":true,"fileName":"r_keepcalm.png","emoji":{"name":"r_keepcalm","category":"Reddit","aliases":[]}},{"downloaded":true,"fileName":"r_itscute.png","emoji":{"name":"r_itscute","category":"Reddit","aliases":[]}},{"downloaded":true,"fileName":"r_imdeceased.png","emoji":{"name":"r_imdeceased","category":"Reddit","aliases":[]}},{"downloaded":true,"fileName":"r_illuminati.gif","emoji":{"name":"r_illuminati","category":"Reddit","aliases":[]}},{"downloaded":true,"fileName":"r_illdrinktothat.png","emoji":{"name":"r_illdrinktothat","category":"Reddit","aliases":[]}},{"downloaded":true,"fileName":"r_helpful.png","emoji":{"name":"r_helpful","category":"Reddit","aliases":[]}},{"downloaded":true,"fileName":"r_heartwarming.png","emoji":{"name":"r_heartwarming","category":"Reddit","aliases":[]}},{"downloaded":true,"fileName":"r_hearteyes.png","emoji":{"name":"r_hearteyes","category":"Reddit","aliases":[]}},{"downloaded":true,"fileName":"r_gotthew.png","emoji":{"name":"r_gotthew","category":"Reddit","aliases":[]}},{"downloaded":true,"fileName":"r_goat.png","emoji":{"name":"r_goat","category":"Reddit","aliases":[]}},{"downloaded":true,"fileName":"r_giggle.gif","emoji":{"name":"r_giggle","category":"Reddit","aliases":[]}},{"downloaded":true,"fileName":"r_facepalm.png","emoji":{"name":"r_facepalm","category":"Reddit","aliases":[]}},{"downloaded":true,"fileName":"r_evilcackle.png","emoji":{"name":"r_evilcackle","category":"Reddit","aliases":[]}},{"downloaded":true,"fileName":"r_dread.png","emoji":{"name":"r_dread","category":"Reddit","aliases":[]}},{"downloaded":true,"fileName":"r_crabrave.gif","emoji":{"name":"r_crabrave","category":"Reddit","aliases":[]}},{"downloaded":true,"fileName":"r_buffdoge.png","emoji":{"name":"r_buffdoge","category":"Reddit","aliases":[]}},{"downloaded":true,"fileName":"r_blessupg.png","emoji":{"name":"r_blessupg","category":"Reddit","aliases":[]}},{"downloaded":true,"fileName":"r_blessup.png","emoji":{"name":"r_blessup","category":"Reddit","aliases":[]}},{"downloaded":true,"fileName":"r_awesomeanswer.png","emoji":{"name":"r_awesomeanswer","category":"Reddit","aliases":[]}},{"downloaded":true,"fileName":"r_animatedhelpful.gif","emoji":{"name":"r_animatedhelpful","category":"Reddit","aliases":[]}},{"downloaded":true,"fileName":"r_animatedcake.gif","emoji":{"name":"r_animatedcake","category":"Reddit","aliases":[]}},{"downloaded":true,"fileName":"r_ally.png","emoji":{"name":"r_ally","category":"Reddit","aliases":[]}}]}