{"metaVersion":1,"host":"https://git.joinfirefish.org/firefish/emoji-gen","exportedAt":"2024-03-08T10:46:25.754485832-06:00","emojis":[{"downloaded":true,"fileName":"amowogos.png","emoji":{"name":"amowogos","category":"UwUFetch","aliases":[]}},{"downloaded":true,"fileName":"androwoid.png","emoji":{"name":"androwoid","category":"UwUFetch","aliases":[]}},{"downloaded":true,"fileName":"twux.png","emoji":{"name":"twux","category":"UwUFetch","aliases":[]}},{"downloaded":true,"fileName":"uwubuntu.png","emoji":{"name":"uwubuntu","category":"UwUFetch","aliases":[]}},{"downloaded":true,"fileName":"sowolus.png","emoji":{"name":"sowolus","category":"UwUFetch","aliases":[]}},{"downloaded":true,"fileName":"popowos.png","emoji":{"name":"popowos","category":"UwUFetch","aliases":[]}},{"downloaded":true,"fileName":"owopensuwuse-leap.png","emoji":{"name":"owopensuwuse_leap","category":"UwUFetch","aliases":[]}},{"downloaded":true,"fileName":"owobsd.jpg","emoji":{"name":"owobsd","category":"UwUFetch","aliases":[]}},{"downloaded":true,"fileName":"kdenyan.png","emoji":{"name":"kdenyan","category":"UwUFetch","aliases":[]}},{"downloaded":true,"fileName":"myanjawo.png","emoji":{"name":"myanjawo","category":"UwUFetch","aliases":[]}},{"downloaded":true,"fileName":"mynt.png","emoji":{"name":"mynt","category":"UwUFetch","aliases":[]}},{"downloaded":true,"fileName":"gyuhix.png","emoji":{"name":"gyuhix","category":"UwUFetch","aliases":[]}},{"downloaded":true,"fileName":"gentowo.png","emoji":{"name":"gentowo","category":"UwUFetch","aliases":[]}},{"downloaded":true,"fileName":"fedowora.png","emoji":{"name":"fedowora","category":"UwUFetch","aliases":[]}},{"downloaded":true,"fileName":"endowos.png","emoji":{"name":"endowos","category":"UwUFetch","aliases":[]}},{"downloaded":true,"fileName":"awatix.png","emoji":{"name":"awatix","category":"UwUFetch","aliases":[]}},{"downloaded":true,"fileName":"awaco.png","emoji":{"name":"awaco","category":"UwUFetch","aliases":[]}},{"downloaded":true,"fileName":"debnyan.png","emoji":{"name":"debnyan","category":"UwUFetch","aliases":[]}},{"downloaded":true,"fileName":"devuwuan.png","emoji":{"name":"devuwuan","category":"UwUFetch","aliases":[]}},{"downloaded":true,"fileName":"nyarch.png","emoji":{"name":"nyarch","category":"UwUFetch","aliases":[]}},{"downloaded":true,"fileName":"slawcky.png","emoji":{"name":"slawcky","category":"UwUFetch","aliases":[]}},{"downloaded":true,"fileName":"nixowos.png","emoji":{"name":"nixowos","category":"UwUFetch","aliases":[]}},{"downloaded":true,"fileName":"owoid.png","emoji":{"name":"owoid","category":"UwUFetch","aliases":[]}},{"downloaded":true,"fileName":"steakoo.png","emoji":{"name":"steakoo","category":"UwUFetch","aliases":[]}},{"downloaded":true,"fileName":"sataniabsd.png","emoji":{"name":"sataniabsd","category":"UwUFetch","aliases":[]}},{"downloaded":true,"fileName":"windowos.png","emoji":{"name":"windowos","category":"UwUFetch","aliases":[]}}]}