{"metaVersion":1,"host":"https://git.joinfirefish.org/firefish/emoji-gen","exportedAt":"2024-03-08T17:34:24.626396409-05:00","emojis":[{"downloaded":true,"fileName":"a_jerma.jpeg","emoji":{"name":"a_jerma","category":"Custom","aliases":[]}},{"downloaded":true,"fileName":"jerma_stare.gif","emoji":{"name":"jerma_stare","category":"Custom","aliases":[]}},{"downloaded":true,"fileName":"jermaburger.webp","emoji":{"name":"jermaburger","category":"Custom","aliases":[]}},{"downloaded":true,"fileName":"jermadisgust.png","emoji":{"name":"jermadisgust","category":"Custom","aliases":[]}},{"downloaded":true,"fileName":"jermaembarrased.webp","emoji":{"name":"jermaembarrased","category":"Custom","aliases":[]}},{"downloaded":true,"fileName":"jermafinger.webp","emoji":{"name":"jermafinger","category":"Custom","aliases":[]}},{"downloaded":true,"fileName":"jermaheart.webp","emoji":{"name":"jermaheart","category":"Custom","aliases":[]}},{"downloaded":true,"fileName":"jermainsane.webp","emoji":{"name":"jermainsane","category":"Custom","aliases":[]}},{"downloaded":true,"fileName":"jermalobotomy.webp","emoji":{"name":"jermalobotomy","category":"Custom","aliases":[]}},{"downloaded":true,"fileName":"jermameal.webp","emoji":{"name":"jermameal","category":"Custom","aliases":[]}},{"downloaded":true,"fileName":"jermamex.webp","emoji":{"name":"jermamex","category":"Custom","aliases":[]}},{"downloaded":true,"fileName":"jerman.png","emoji":{"name":"jerman","category":"Custom","aliases":[]}},{"downloaded":true,"fileName":"jermaO_O.png","emoji":{"name":"jermaO_O","category":"Custom","aliases":[]}},{"downloaded":true,"fileName":"jermaoldman.webp","emoji":{"name":"jermaoldman","category":"Custom","aliases":[]}},{"downloaded":true,"fileName":"jermapluto.webp","emoji":{"name":"jermapluto","category":"Custom","aliases":[]}},{"downloaded":true,"fileName":"jermaPog.png","emoji":{"name":"jermaPog","category":"Custom","aliases":[]}},{"downloaded":true,"fileName":"jermapoint.webp","emoji":{"name":"jermapoint","category":"Custom","aliases":[]}},{"downloaded":true,"fileName":"jermapride.webp","emoji":{"name":"jermapride","category":"Custom","aliases":[]}},{"downloaded":true,"fileName":"jermapunch.webp","emoji":{"name":"jermapunch","category":"Custom","aliases":[]}},{"downloaded":true,"fileName":"jermaShrimp.webp","emoji":{"name":"jermaShrimp","category":"Custom","aliases":[]}},{"downloaded":true,"fileName":"jermaslap.webp","emoji":{"name":"jermaslap","category":"Custom","aliases":[]}},{"downloaded":true,"fileName":"jermasnort.webp","emoji":{"name":"jermasnort","category":"Custom","aliases":[]}},{"downloaded":true,"fileName":"jermat.gif","emoji":{"name":"jermat","category":"Custom","aliases":[]}},{"downloaded":true,"fileName":"jermathing.webp","emoji":{"name":"jermathing","category":"Custom","aliases":[]}},{"downloaded":true,"fileName":"jermavenus.webp","emoji":{"name":"jermavenus","category":"Custom","aliases":[]}},{"downloaded":true,"fileName":"jermawindow.webp","emoji":{"name":"jermawindow","category":"Custom","aliases":[]}}]}