{"metaVersion":1,"host":"https://git.joinfirefish.org/firefish/emoji-gen","exportedAt":"2024-03-08T17:34:01.319552944-05:00","emojis":[{"downloaded":true,"fileName":"3dmmrat.webp","emoji":{"name":"3dmmrat","category":"Custom","aliases":[]}},{"downloaded":true,"fileName":"rat_finger.png","emoji":{"name":"rat_finger","category":"Custom","aliases":[]}},{"downloaded":true,"fileName":"rat_jamming.gif","emoji":{"name":"rat_jamming","category":"Custom","aliases":[]}},{"downloaded":true,"fileName":"rat_long1.png","emoji":{"name":"rat_long1","category":"Custom","aliases":[]}},{"downloaded":true,"fileName":"rat_long2.png","emoji":{"name":"rat_long2","category":"Custom","aliases":[]}},{"downloaded":true,"fileName":"rat_pog.png","emoji":{"name":"rat_pog","category":"Custom","aliases":[]}},{"downloaded":true,"fileName":"rat_rating_tunes.gif","emoji":{"name":"rat_rating_tunes","category":"Custom","aliases":[]}},{"downloaded":true,"fileName":"rat_share.gif","emoji":{"name":"rat_share","category":"Custom","aliases":[]}},{"downloaded":true,"fileName":"rat_spin.gif","emoji":{"name":"rat_spin","category":"Custom","aliases":[]}},{"downloaded":true,"fileName":"rat_vibe.gif","emoji":{"name":"rat_vibe","category":"Custom","aliases":[]}},{"downloaded":true,"fileName":"ratjerma.png","emoji":{"name":"ratjerma","category":"Custom","aliases":[]}},{"downloaded":true,"fileName":"ratshake.gif","emoji":{"name":"ratshake","category":"Custom","aliases":[]}}]}