{"metaVersion":1,"host":"https://git.joinfirefish.org/firefish/emoji-gen","exportedAt":"2024-03-19T13:55:33.251927350-05:00","emojis":[{"downloaded":true,"fileName":"ms_8_ball.png","emoji":{"name":"ms_8_ball","category":"Mutant Standard - Activities","aliases":[]}},{"downloaded":true,"fileName":"ms_american_football.png","emoji":{"name":"ms_american_football","category":"Mutant Standard - Activities","aliases":[]}},{"downloaded":true,"fileName":"ms_baseball.png","emoji":{"name":"ms_baseball","category":"Mutant Standard - Activities","aliases":[]}},{"downloaded":true,"fileName":"ms_basketball.png","emoji":{"name":"ms_basketball","category":"Mutant Standard - Activities","aliases":[]}},{"downloaded":true,"fileName":"ms_closed_umbrella.png","emoji":{"name":"ms_closed_umbrella","category":"Mutant Standard - Activities","aliases":[]}},{"downloaded":true,"fileName":"ms_football.png","emoji":{"name":"ms_football","category":"Mutant Standard - Activities","aliases":[]}},{"downloaded":true,"fileName":"ms_musical_score.png","emoji":{"name":"ms_musical_score","category":"Mutant Standard - Activities","aliases":[]}},{"downloaded":true,"fileName":"ms_rugby_ball.png","emoji":{"name":"ms_rugby_ball","category":"Mutant Standard - Activities","aliases":[]}},{"downloaded":true,"fileName":"ms_softball.png","emoji":{"name":"ms_softball","category":"Mutant Standard - Activities","aliases":[]}},{"downloaded":true,"fileName":"ms_studio_microphone.png","emoji":{"name":"ms_studio_microphone","category":"Mutant Standard - Activities","aliases":[]}},{"downloaded":true,"fileName":"ms_tennis.png","emoji":{"name":"ms_tennis","category":"Mutant Standard - Activities","aliases":[]}},{"downloaded":true,"fileName":"ms_umbrella.png","emoji":{"name":"ms_umbrella","category":"Mutant Standard - Activities","aliases":[]}},{"downloaded":true,"fileName":"ms_volleyball.png","emoji":{"name":"ms_volleyball","category":"Mutant Standard - Activities","aliases":[]}}]}