{"metaVersion":1,"host":"https://git.joinfirefish.org/firefish/emoji-gen","exportedAt":"2024-03-08T10:45:37.680734798-06:00","emojis":[{"downloaded":true,"fileName":"cc_nc_eu.png","emoji":{"name":"cc_nc_eu","category":"Creative Commons","aliases":[]}},{"downloaded":true,"fileName":"cc_nd.png","emoji":{"name":"cc_nd","category":"Creative Commons","aliases":[]}},{"downloaded":true,"fileName":"cc_nc_jp.png","emoji":{"name":"cc_nc_jp","category":"Creative Commons","aliases":[]}},{"downloaded":true,"fileName":"cc_zero.png","emoji":{"name":"cc_zero","category":"Creative Commons","aliases":[]}},{"downloaded":true,"fileName":"cc_remix.png","emoji":{"name":"cc_remix","category":"Creative Commons","aliases":[]}},{"downloaded":true,"fileName":"cc_nc.png","emoji":{"name":"cc_nc","category":"Creative Commons","aliases":[]}},{"downloaded":true,"fileName":"cc_by.png","emoji":{"name":"cc_by","category":"Creative Commons","aliases":[]}},{"downloaded":true,"fileName":"cc_nc_us.png","emoji":{"name":"cc_nc_us","category":"Creative Commons","aliases":[]}},{"downloaded":true,"fileName":"cc_sa.png","emoji":{"name":"cc_sa","category":"Creative Commons","aliases":[]}},{"downloaded":true,"fileName":"cc_pd.png","emoji":{"name":"cc_pd","category":"Creative Commons","aliases":[]}},{"downloaded":true,"fileName":"cc_cc.png","emoji":{"name":"cc_cc","category":"Creative Commons","aliases":[]}},{"downloaded":true,"fileName":"cc_share.png","emoji":{"name":"cc_share","category":"Creative Commons","aliases":[]}}]}