{"metaVersion":1,"host":"https://git.joinfirefish.org/firefish/emoji-gen","exportedAt":"2024-03-08T10:46:45.379204598-06:00","emojis":[{"downloaded":true,"fileName":"blob_arctic_fox_snug.png","emoji":{"name":"blob_arctic_fox_snug","category":"Blobfox Custom","aliases":[]}},{"downloaded":true,"fileName":"blob_arctic_fox_snuggle_right.png","emoji":{"name":"blob_arctic_fox_snuggle_right","category":"Blobfox Custom","aliases":[]}},{"downloaded":true,"fileName":"blob_arctic_fox.png","emoji":{"name":"blob_arctic_fox","category":"Blobfox Custom","aliases":[]}},{"downloaded":true,"fileName":"blobfox_plural.png","emoji":{"name":"blobfox_plural","category":"Blobfox Custom","aliases":[]}},{"downloaded":true,"fileName":"blobfox_plural2.png","emoji":{"name":"blobfox_plural2","category":"Blobfox Custom","aliases":[]}},{"downloaded":true,"fileName":"blobfox_quadruple_cuddle.png","emoji":{"name":"blobfox_quadruple_cuddle","category":"Blobfox Custom","aliases":[]}},{"downloaded":true,"fileName":"blobfox_woozy.png","emoji":{"name":"blobfox_woozy","category":"Blobfox Custom","aliases":[]}},{"downloaded":true,"fileName":"blobfoxbonk.png","emoji":{"name":"blobfoxbonk","category":"Blobfox Custom","aliases":[]}},{"downloaded":true,"fileName":"blobfox_three_knives.png","emoji":{"name":"blobfox_three_knives","category":"Blobfox Custom","aliases":[]}},{"downloaded":true,"fileName":"blobfox_hug_fox_sad_no_hearts.png","emoji":{"name":"blobfox_hug_fox_sad_no_hearts","category":"Blobfox Custom","aliases":[]}},{"downloaded":true,"fileName":"blobfox_hug_fox_sad.png","emoji":{"name":"blobfox_hug_fox_sad","category":"Blobfox Custom","aliases":[]}},{"downloaded":true,"fileName":"blobfox_hug_cat.png","emoji":{"name":"blobfox_hug_cat","category":"Blobfox Custom","aliases":[]}},{"downloaded":true,"fileName":"blobfox_hug_fox.png","emoji":{"name":"blobfox_hug_fox","category":"Blobfox Custom","aliases":[]}},{"downloaded":true,"fileName":"blobfox_head_tilt_confused_open_eyes.png","emoji":{"name":"blobfox_head_tilt_confused_open_eyes","category":"Blobfox Custom","aliases":[]}},{"downloaded":true,"fileName":"blobfox_head_tilt_confused.png","emoji":{"name":"blobfox_head_tilt_confused","category":"Blobfox Custom","aliases":[]}},{"downloaded":true,"fileName":"blobfox_googly_shocked.png","emoji":{"name":"blobfox_googly_shocked","category":"Blobfox Custom","aliases":[]}},{"downloaded":true,"fileName":"blobfoxfloofcute_trans.png","emoji":{"name":"blobfoxfloofcute_trans","category":"Blobfox Custom","aliases":[]}},{"downloaded":true,"fileName":"blobfox_dual_knives.png","emoji":{"name":"blobfox_dual_knives","category":"Blobfox Custom","aliases":[]}},{"downloaded":true,"fileName":"blobfoxfloofcute_lesbian.png","emoji":{"name":"blobfoxfloofcute_lesbian","category":"Blobfox Custom","aliases":[]}},{"downloaded":true,"fileName":"blobcat_hug_fox.png","emoji":{"name":"blobcat_hug_fox","category":"Blobfox Custom","aliases":[]}}]}