{"metaVersion":1,"host":"https://git.joinfirefish.org/firefish/emoji-gen","exportedAt":"2024-03-19T13:55:42.384351444-05:00","emojis":[{"downloaded":true,"fileName":"ms_bang.png","emoji":{"name":"ms_bang","category":"Mutant Standard - Nature","aliases":[]}},{"downloaded":true,"fileName":"ms_cactus.png","emoji":{"name":"ms_cactus","category":"Mutant Standard - Nature","aliases":[]}},{"downloaded":true,"fileName":"ms_christmas_tree.png","emoji":{"name":"ms_christmas_tree","category":"Mutant Standard - Nature","aliases":[]}},{"downloaded":true,"fileName":"ms_cloud.png","emoji":{"name":"ms_cloud","category":"Mutant Standard - Nature","aliases":[]}},{"downloaded":true,"fileName":"ms_crescent.png","emoji":{"name":"ms_crescent","category":"Mutant Standard - Nature","aliases":[]}},{"downloaded":true,"fileName":"ms_crescent_moon_1.png","emoji":{"name":"ms_crescent_moon_1","category":"Mutant Standard - Nature","aliases":[]}},{"downloaded":true,"fileName":"ms_crescent_moon_2.png","emoji":{"name":"ms_crescent_moon_2","category":"Mutant Standard - Nature","aliases":[]}},{"downloaded":true,"fileName":"ms_dash.png","emoji":{"name":"ms_dash","category":"Mutant Standard - Nature","aliases":[]}},{"downloaded":true,"fileName":"ms_dizzy.png","emoji":{"name":"ms_dizzy","category":"Mutant Standard - Nature","aliases":[]}},{"downloaded":true,"fileName":"ms_earth_americas.png","emoji":{"name":"ms_earth_americas","category":"Mutant Standard - Nature","aliases":[]}},{"downloaded":true,"fileName":"ms_earth_antarctic.png","emoji":{"name":"ms_earth_antarctic","category":"Mutant Standard - Nature","aliases":[]}},{"downloaded":true,"fileName":"ms_earth_arctic.png","emoji":{"name":"ms_earth_arctic","category":"Mutant Standard - Nature","aliases":[]}},{"downloaded":true,"fileName":"ms_earth_asia_oceania.png","emoji":{"name":"ms_earth_asia_oceania","category":"Mutant Standard - Nature","aliases":[]}},{"downloaded":true,"fileName":"ms_earth_emea.png","emoji":{"name":"ms_earth_emea","category":"Mutant Standard - Nature","aliases":[]}},{"downloaded":true,"fileName":"ms_earth_pacific.png","emoji":{"name":"ms_earth_pacific","category":"Mutant Standard - Nature","aliases":[]}},{"downloaded":true,"fileName":"ms_empty_star.png","emoji":{"name":"ms_empty_star","category":"Mutant Standard - Nature","aliases":[]}},{"downloaded":true,"fileName":"ms_evergreen_tree.png","emoji":{"name":"ms_evergreen_tree","category":"Mutant Standard - Nature","aliases":[]}},{"downloaded":true,"fileName":"ms_fire.png","emoji":{"name":"ms_fire","category":"Mutant Standard - Nature","aliases":[]}},{"downloaded":true,"fileName":"ms_full_moon.png","emoji":{"name":"ms_full_moon","category":"Mutant Standard - Nature","aliases":[]}},{"downloaded":true,"fileName":"ms_full_moon_face.png","emoji":{"name":"ms_full_moon_face","category":"Mutant Standard - Nature","aliases":[]}},{"downloaded":true,"fileName":"ms_gibbous_moon_1.png","emoji":{"name":"ms_gibbous_moon_1","category":"Mutant Standard - Nature","aliases":[]}},{"downloaded":true,"fileName":"ms_gibbous_moon_2.png","emoji":{"name":"ms_gibbous_moon_2","category":"Mutant Standard - Nature","aliases":[]}},{"downloaded":true,"fileName":"ms_half_moon_1.png","emoji":{"name":"ms_half_moon_1","category":"Mutant Standard - Nature","aliases":[]}},{"downloaded":true,"fileName":"ms_half_moon_2.png","emoji":{"name":"ms_half_moon_2","category":"Mutant Standard - Nature","aliases":[]}},{"downloaded":true,"fileName":"ms_half_star.png","emoji":{"name":"ms_half_star","category":"Mutant Standard - Nature","aliases":[]}},{"downloaded":true,"fileName":"ms_lightning.png","emoji":{"name":"ms_lightning","category":"Mutant Standard - Nature","aliases":[]}},{"downloaded":true,"fileName":"ms_lightning_bolt.png","emoji":{"name":"ms_lightning_bolt","category":"Mutant Standard - Nature","aliases":[]}},{"downloaded":true,"fileName":"ms_lightning_rain.png","emoji":{"name":"ms_lightning_rain","category":"Mutant Standard - Nature","aliases":[]}},{"downloaded":true,"fileName":"ms_maple_leaf.png","emoji":{"name":"ms_maple_leaf","category":"Mutant Standard - Nature","aliases":[]}},{"downloaded":true,"fileName":"ms_moon_crescent_face_left.png","emoji":{"name":"ms_moon_crescent_face_left","category":"Mutant Standard - Nature","aliases":[]}},{"downloaded":true,"fileName":"ms_moon_crescent_face_right.png","emoji":{"name":"ms_moon_crescent_face_right","category":"Mutant Standard - Nature","aliases":[]}},{"downloaded":true,"fileName":"ms_new_moon.png","emoji":{"name":"ms_new_moon","category":"Mutant Standard - Nature","aliases":[]}},{"downloaded":true,"fileName":"ms_new_moon_face.png","emoji":{"name":"ms_new_moon_face","category":"Mutant Standard - Nature","aliases":[]}},{"downloaded":true,"fileName":"ms_palm_tree.png","emoji":{"name":"ms_palm_tree","category":"Mutant Standard - Nature","aliases":[]}},{"downloaded":true,"fileName":"ms_rain.png","emoji":{"name":"ms_rain","category":"Mutant Standard - Nature","aliases":[]}},{"downloaded":true,"fileName":"ms_rainbow.png","emoji":{"name":"ms_rainbow","category":"Mutant Standard - Nature","aliases":[]}},{"downloaded":true,"fileName":"ms_rose.png","emoji":{"name":"ms_rose","category":"Mutant Standard - Nature","aliases":[]}},{"downloaded":true,"fileName":"ms_sheaf_of_rice.png","emoji":{"name":"ms_sheaf_of_rice","category":"Mutant Standard - Nature","aliases":[]}},{"downloaded":true,"fileName":"ms_shining_star.png","emoji":{"name":"ms_shining_star","category":"Mutant Standard - Nature","aliases":[]}},{"downloaded":true,"fileName":"ms_shooting_star.png","emoji":{"name":"ms_shooting_star","category":"Mutant Standard - Nature","aliases":[]}},{"downloaded":true,"fileName":"ms_snow.png","emoji":{"name":"ms_snow","category":"Mutant Standard - Nature","aliases":[]}},{"downloaded":true,"fileName":"ms_snowflake.png","emoji":{"name":"ms_snowflake","category":"Mutant Standard - Nature","aliases":[]}},{"downloaded":true,"fileName":"ms_sparkles.png","emoji":{"name":"ms_sparkles","category":"Mutant Standard - Nature","aliases":[]}},{"downloaded":true,"fileName":"ms_star.png","emoji":{"name":"ms_star","category":"Mutant Standard - Nature","aliases":[]}},{"downloaded":true,"fileName":"ms_sun.png","emoji":{"name":"ms_sun","category":"Mutant Standard - Nature","aliases":[]}},{"downloaded":true,"fileName":"ms_sun_behind_cloud.png","emoji":{"name":"ms_sun_behind_cloud","category":"Mutant Standard - Nature","aliases":[]}},{"downloaded":true,"fileName":"ms_sun_behind_large_cloud.png","emoji":{"name":"ms_sun_behind_large_cloud","category":"Mutant Standard - Nature","aliases":[]}},{"downloaded":true,"fileName":"ms_sun_behind_small_cloud.png","emoji":{"name":"ms_sun_behind_small_cloud","category":"Mutant Standard - Nature","aliases":[]}},{"downloaded":true,"fileName":"ms_sun_cloud_rain.png","emoji":{"name":"ms_sun_cloud_rain","category":"Mutant Standard - Nature","aliases":[]}},{"downloaded":true,"fileName":"ms_sun_face.png","emoji":{"name":"ms_sun_face","category":"Mutant Standard - Nature","aliases":[]}},{"downloaded":true,"fileName":"ms_sunflower.png","emoji":{"name":"ms_sunflower","category":"Mutant Standard - Nature","aliases":[]}},{"downloaded":true,"fileName":"ms_sweat_drops.png","emoji":{"name":"ms_sweat_drops","category":"Mutant Standard - Nature","aliases":[]}},{"downloaded":true,"fileName":"ms_umbrella_with_rain.png","emoji":{"name":"ms_umbrella_with_rain","category":"Mutant Standard - Nature","aliases":[]}},{"downloaded":true,"fileName":"ms_water_drop.png","emoji":{"name":"ms_water_drop","category":"Mutant Standard - Nature","aliases":[]}}]}