{"metaVersion":1,"host":"https://git.joinfirefish.org/firefish/emoji-gen","exportedAt":"2024-03-19T13:55:47.145299077-05:00","emojis":[{"downloaded":true,"fileName":"ms_ear.png","emoji":{"name":"ms_ear","category":"Mutant Standard - Body Parts","aliases":[]}},{"downloaded":true,"fileName":"ms_ear_b1.png","emoji":{"name":"ms_ear_b1","category":"Mutant Standard - Body Parts","aliases":[]}},{"downloaded":true,"fileName":"ms_ear_b2.png","emoji":{"name":"ms_ear_b2","category":"Mutant Standard - Body Parts","aliases":[]}},{"downloaded":true,"fileName":"ms_ear_b3.png","emoji":{"name":"ms_ear_b3","category":"Mutant Standard - Body Parts","aliases":[]}},{"downloaded":true,"fileName":"ms_ear_c1.png","emoji":{"name":"ms_ear_c1","category":"Mutant Standard - Body Parts","aliases":[]}},{"downloaded":true,"fileName":"ms_ear_c2.png","emoji":{"name":"ms_ear_c2","category":"Mutant Standard - Body Parts","aliases":[]}},{"downloaded":true,"fileName":"ms_ear_c3.png","emoji":{"name":"ms_ear_c3","category":"Mutant Standard - Body Parts","aliases":[]}},{"downloaded":true,"fileName":"ms_ear_d1.png","emoji":{"name":"ms_ear_d1","category":"Mutant Standard - Body Parts","aliases":[]}},{"downloaded":true,"fileName":"ms_ear_d2.png","emoji":{"name":"ms_ear_d2","category":"Mutant Standard - Body Parts","aliases":[]}},{"downloaded":true,"fileName":"ms_ear_d3.png","emoji":{"name":"ms_ear_d3","category":"Mutant Standard - Body Parts","aliases":[]}},{"downloaded":true,"fileName":"ms_ear_e1.png","emoji":{"name":"ms_ear_e1","category":"Mutant Standard - Body Parts","aliases":[]}},{"downloaded":true,"fileName":"ms_ear_e2.png","emoji":{"name":"ms_ear_e2","category":"Mutant Standard - Body Parts","aliases":[]}},{"downloaded":true,"fileName":"ms_ear_e3.png","emoji":{"name":"ms_ear_e3","category":"Mutant Standard - Body Parts","aliases":[]}},{"downloaded":true,"fileName":"ms_ear_fe1.png","emoji":{"name":"ms_ear_fe1","category":"Mutant Standard - Body Parts","aliases":[]}},{"downloaded":true,"fileName":"ms_ear_fk1.png","emoji":{"name":"ms_ear_fk1","category":"Mutant Standard - Body Parts","aliases":[]}},{"downloaded":true,"fileName":"ms_ear_ft1.png","emoji":{"name":"ms_ear_ft1","category":"Mutant Standard - Body Parts","aliases":[]}},{"downloaded":true,"fileName":"ms_ear_g1.png","emoji":{"name":"ms_ear_g1","category":"Mutant Standard - Body Parts","aliases":[]}},{"downloaded":true,"fileName":"ms_ear_g2.png","emoji":{"name":"ms_ear_g2","category":"Mutant Standard - Body Parts","aliases":[]}},{"downloaded":true,"fileName":"ms_ear_g3.png","emoji":{"name":"ms_ear_g3","category":"Mutant Standard - Body Parts","aliases":[]}},{"downloaded":true,"fileName":"ms_ear_h1.png","emoji":{"name":"ms_ear_h1","category":"Mutant Standard - Body Parts","aliases":[]}},{"downloaded":true,"fileName":"ms_ear_h2.png","emoji":{"name":"ms_ear_h2","category":"Mutant Standard - Body Parts","aliases":[]}},{"downloaded":true,"fileName":"ms_ear_h3.png","emoji":{"name":"ms_ear_h3","category":"Mutant Standard - Body Parts","aliases":[]}},{"downloaded":true,"fileName":"ms_ear_h4.png","emoji":{"name":"ms_ear_h4","category":"Mutant Standard - Body Parts","aliases":[]}},{"downloaded":true,"fileName":"ms_ear_h5.png","emoji":{"name":"ms_ear_h5","category":"Mutant Standard - Body Parts","aliases":[]}},{"downloaded":true,"fileName":"ms_ear_k1.png","emoji":{"name":"ms_ear_k1","category":"Mutant Standard - Body Parts","aliases":[]}},{"downloaded":true,"fileName":"ms_ear_k2.png","emoji":{"name":"ms_ear_k2","category":"Mutant Standard - Body Parts","aliases":[]}},{"downloaded":true,"fileName":"ms_ear_k3.png","emoji":{"name":"ms_ear_k3","category":"Mutant Standard - Body Parts","aliases":[]}},{"downloaded":true,"fileName":"ms_ear_l1.png","emoji":{"name":"ms_ear_l1","category":"Mutant Standard - Body Parts","aliases":[]}},{"downloaded":true,"fileName":"ms_ear_l2.png","emoji":{"name":"ms_ear_l2","category":"Mutant Standard - Body Parts","aliases":[]}},{"downloaded":true,"fileName":"ms_ear_l3.png","emoji":{"name":"ms_ear_l3","category":"Mutant Standard - Body Parts","aliases":[]}},{"downloaded":true,"fileName":"ms_ear_m1.png","emoji":{"name":"ms_ear_m1","category":"Mutant Standard - Body Parts","aliases":[]}},{"downloaded":true,"fileName":"ms_ear_m2.png","emoji":{"name":"ms_ear_m2","category":"Mutant Standard - Body Parts","aliases":[]}},{"downloaded":true,"fileName":"ms_ear_m3.png","emoji":{"name":"ms_ear_m3","category":"Mutant Standard - Body Parts","aliases":[]}},{"downloaded":true,"fileName":"ms_ear_o1.png","emoji":{"name":"ms_ear_o1","category":"Mutant Standard - Body Parts","aliases":[]}},{"downloaded":true,"fileName":"ms_ear_o2.png","emoji":{"name":"ms_ear_o2","category":"Mutant Standard - Body Parts","aliases":[]}},{"downloaded":true,"fileName":"ms_ear_o3.png","emoji":{"name":"ms_ear_o3","category":"Mutant Standard - Body Parts","aliases":[]}},{"downloaded":true,"fileName":"ms_ear_p1.png","emoji":{"name":"ms_ear_p1","category":"Mutant Standard - Body Parts","aliases":[]}},{"downloaded":true,"fileName":"ms_ear_p2.png","emoji":{"name":"ms_ear_p2","category":"Mutant Standard - Body Parts","aliases":[]}},{"downloaded":true,"fileName":"ms_ear_p3.png","emoji":{"name":"ms_ear_p3","category":"Mutant Standard - Body Parts","aliases":[]}},{"downloaded":true,"fileName":"ms_ear_r1.png","emoji":{"name":"ms_ear_r1","category":"Mutant Standard - Body Parts","aliases":[]}},{"downloaded":true,"fileName":"ms_ear_r2.png","emoji":{"name":"ms_ear_r2","category":"Mutant Standard - Body Parts","aliases":[]}},{"downloaded":true,"fileName":"ms_ear_r3.png","emoji":{"name":"ms_ear_r3","category":"Mutant Standard - Body Parts","aliases":[]}},{"downloaded":true,"fileName":"ms_ear_s1.png","emoji":{"name":"ms_ear_s1","category":"Mutant Standard - Body Parts","aliases":[]}},{"downloaded":true,"fileName":"ms_ear_s2.png","emoji":{"name":"ms_ear_s2","category":"Mutant Standard - Body Parts","aliases":[]}},{"downloaded":true,"fileName":"ms_ear_s3.png","emoji":{"name":"ms_ear_s3","category":"Mutant Standard - Body Parts","aliases":[]}},{"downloaded":true,"fileName":"ms_ear_t1.png","emoji":{"name":"ms_ear_t1","category":"Mutant Standard - Body Parts","aliases":[]}},{"downloaded":true,"fileName":"ms_ear_t2.png","emoji":{"name":"ms_ear_t2","category":"Mutant Standard - Body Parts","aliases":[]}},{"downloaded":true,"fileName":"ms_ear_t3.png","emoji":{"name":"ms_ear_t3","category":"Mutant Standard - Body Parts","aliases":[]}},{"downloaded":true,"fileName":"ms_ear_v1.png","emoji":{"name":"ms_ear_v1","category":"Mutant Standard - Body Parts","aliases":[]}},{"downloaded":true,"fileName":"ms_ear_v2.png","emoji":{"name":"ms_ear_v2","category":"Mutant Standard - Body Parts","aliases":[]}},{"downloaded":true,"fileName":"ms_ear_v3.png","emoji":{"name":"ms_ear_v3","category":"Mutant Standard - Body Parts","aliases":[]}},{"downloaded":true,"fileName":"ms_ear_y1.png","emoji":{"name":"ms_ear_y1","category":"Mutant Standard - Body Parts","aliases":[]}},{"downloaded":true,"fileName":"ms_ear_y2.png","emoji":{"name":"ms_ear_y2","category":"Mutant Standard - Body Parts","aliases":[]}},{"downloaded":true,"fileName":"ms_ear_y3.png","emoji":{"name":"ms_ear_y3","category":"Mutant Standard - Body Parts","aliases":[]}},{"downloaded":true,"fileName":"ms_eye.png","emoji":{"name":"ms_eye","category":"Mutant Standard - Body Parts","aliases":[]}},{"downloaded":true,"fileName":"ms_eyes.png","emoji":{"name":"ms_eyes","category":"Mutant Standard - Body Parts","aliases":[]}},{"downloaded":true,"fileName":"ms_long_pointed_ear.png","emoji":{"name":"ms_long_pointed_ear","category":"Mutant Standard - Body Parts","aliases":[]}},{"downloaded":true,"fileName":"ms_long_pointed_ear_b1.png","emoji":{"name":"ms_long_pointed_ear_b1","category":"Mutant Standard - Body Parts","aliases":[]}},{"downloaded":true,"fileName":"ms_long_pointed_ear_b2.png","emoji":{"name":"ms_long_pointed_ear_b2","category":"Mutant Standard - Body Parts","aliases":[]}},{"downloaded":true,"fileName":"ms_long_pointed_ear_b3.png","emoji":{"name":"ms_long_pointed_ear_b3","category":"Mutant Standard - Body Parts","aliases":[]}},{"downloaded":true,"fileName":"ms_long_pointed_ear_c1.png","emoji":{"name":"ms_long_pointed_ear_c1","category":"Mutant Standard - Body Parts","aliases":[]}},{"downloaded":true,"fileName":"ms_long_pointed_ear_c2.png","emoji":{"name":"ms_long_pointed_ear_c2","category":"Mutant Standard - Body Parts","aliases":[]}},{"downloaded":true,"fileName":"ms_long_pointed_ear_c3.png","emoji":{"name":"ms_long_pointed_ear_c3","category":"Mutant Standard - Body Parts","aliases":[]}},{"downloaded":true,"fileName":"ms_long_pointed_ear_d1.png","emoji":{"name":"ms_long_pointed_ear_d1","category":"Mutant Standard - Body Parts","aliases":[]}},{"downloaded":true,"fileName":"ms_long_pointed_ear_d2.png","emoji":{"name":"ms_long_pointed_ear_d2","category":"Mutant Standard - Body Parts","aliases":[]}},{"downloaded":true,"fileName":"ms_long_pointed_ear_d3.png","emoji":{"name":"ms_long_pointed_ear_d3","category":"Mutant Standard - Body Parts","aliases":[]}},{"downloaded":true,"fileName":"ms_long_pointed_ear_e1.png","emoji":{"name":"ms_long_pointed_ear_e1","category":"Mutant Standard - Body Parts","aliases":[]}},{"downloaded":true,"fileName":"ms_long_pointed_ear_e2.png","emoji":{"name":"ms_long_pointed_ear_e2","category":"Mutant Standard - Body Parts","aliases":[]}},{"downloaded":true,"fileName":"ms_long_pointed_ear_e3.png","emoji":{"name":"ms_long_pointed_ear_e3","category":"Mutant Standard - Body Parts","aliases":[]}},{"downloaded":true,"fileName":"ms_long_pointed_ear_fe1.png","emoji":{"name":"ms_long_pointed_ear_fe1","category":"Mutant Standard - Body Parts","aliases":[]}},{"downloaded":true,"fileName":"ms_long_pointed_ear_fk1.png","emoji":{"name":"ms_long_pointed_ear_fk1","category":"Mutant Standard - Body Parts","aliases":[]}},{"downloaded":true,"fileName":"ms_long_pointed_ear_ft1.png","emoji":{"name":"ms_long_pointed_ear_ft1","category":"Mutant Standard - Body Parts","aliases":[]}},{"downloaded":true,"fileName":"ms_long_pointed_ear_g1.png","emoji":{"name":"ms_long_pointed_ear_g1","category":"Mutant Standard - Body Parts","aliases":[]}},{"downloaded":true,"fileName":"ms_long_pointed_ear_g2.png","emoji":{"name":"ms_long_pointed_ear_g2","category":"Mutant Standard - Body Parts","aliases":[]}},{"downloaded":true,"fileName":"ms_long_pointed_ear_g3.png","emoji":{"name":"ms_long_pointed_ear_g3","category":"Mutant Standard - Body Parts","aliases":[]}},{"downloaded":true,"fileName":"ms_long_pointed_ear_h1.png","emoji":{"name":"ms_long_pointed_ear_h1","category":"Mutant Standard - Body Parts","aliases":[]}},{"downloaded":true,"fileName":"ms_long_pointed_ear_h2.png","emoji":{"name":"ms_long_pointed_ear_h2","category":"Mutant Standard - Body Parts","aliases":[]}},{"downloaded":true,"fileName":"ms_long_pointed_ear_h3.png","emoji":{"name":"ms_long_pointed_ear_h3","category":"Mutant Standard - Body Parts","aliases":[]}},{"downloaded":true,"fileName":"ms_long_pointed_ear_h4.png","emoji":{"name":"ms_long_pointed_ear_h4","category":"Mutant Standard - Body Parts","aliases":[]}},{"downloaded":true,"fileName":"ms_long_pointed_ear_h5.png","emoji":{"name":"ms_long_pointed_ear_h5","category":"Mutant Standard - Body Parts","aliases":[]}},{"downloaded":true,"fileName":"ms_long_pointed_ear_k1.png","emoji":{"name":"ms_long_pointed_ear_k1","category":"Mutant Standard - Body Parts","aliases":[]}},{"downloaded":true,"fileName":"ms_long_pointed_ear_k2.png","emoji":{"name":"ms_long_pointed_ear_k2","category":"Mutant Standard - Body Parts","aliases":[]}},{"downloaded":true,"fileName":"ms_long_pointed_ear_k3.png","emoji":{"name":"ms_long_pointed_ear_k3","category":"Mutant Standard - Body Parts","aliases":[]}},{"downloaded":true,"fileName":"ms_long_pointed_ear_l1.png","emoji":{"name":"ms_long_pointed_ear_l1","category":"Mutant Standard - Body Parts","aliases":[]}},{"downloaded":true,"fileName":"ms_long_pointed_ear_l2.png","emoji":{"name":"ms_long_pointed_ear_l2","category":"Mutant Standard - Body Parts","aliases":[]}},{"downloaded":true,"fileName":"ms_long_pointed_ear_l3.png","emoji":{"name":"ms_long_pointed_ear_l3","category":"Mutant Standard - Body Parts","aliases":[]}},{"downloaded":true,"fileName":"ms_long_pointed_ear_m1.png","emoji":{"name":"ms_long_pointed_ear_m1","category":"Mutant Standard - Body Parts","aliases":[]}},{"downloaded":true,"fileName":"ms_long_pointed_ear_m2.png","emoji":{"name":"ms_long_pointed_ear_m2","category":"Mutant Standard - Body Parts","aliases":[]}},{"downloaded":true,"fileName":"ms_long_pointed_ear_m3.png","emoji":{"name":"ms_long_pointed_ear_m3","category":"Mutant Standard - Body Parts","aliases":[]}},{"downloaded":true,"fileName":"ms_long_pointed_ear_o1.png","emoji":{"name":"ms_long_pointed_ear_o1","category":"Mutant Standard - Body Parts","aliases":[]}},{"downloaded":true,"fileName":"ms_long_pointed_ear_o2.png","emoji":{"name":"ms_long_pointed_ear_o2","category":"Mutant Standard - Body Parts","aliases":[]}},{"downloaded":true,"fileName":"ms_long_pointed_ear_o3.png","emoji":{"name":"ms_long_pointed_ear_o3","category":"Mutant Standard - Body Parts","aliases":[]}},{"downloaded":true,"fileName":"ms_long_pointed_ear_p1.png","emoji":{"name":"ms_long_pointed_ear_p1","category":"Mutant Standard - Body Parts","aliases":[]}},{"downloaded":true,"fileName":"ms_long_pointed_ear_p2.png","emoji":{"name":"ms_long_pointed_ear_p2","category":"Mutant Standard - Body Parts","aliases":[]}},{"downloaded":true,"fileName":"ms_long_pointed_ear_p3.png","emoji":{"name":"ms_long_pointed_ear_p3","category":"Mutant Standard - Body Parts","aliases":[]}},{"downloaded":true,"fileName":"ms_long_pointed_ear_r1.png","emoji":{"name":"ms_long_pointed_ear_r1","category":"Mutant Standard - Body Parts","aliases":[]}},{"downloaded":true,"fileName":"ms_long_pointed_ear_r2.png","emoji":{"name":"ms_long_pointed_ear_r2","category":"Mutant Standard - Body Parts","aliases":[]}},{"downloaded":true,"fileName":"ms_long_pointed_ear_r3.png","emoji":{"name":"ms_long_pointed_ear_r3","category":"Mutant Standard - Body Parts","aliases":[]}},{"downloaded":true,"fileName":"ms_long_pointed_ear_s1.png","emoji":{"name":"ms_long_pointed_ear_s1","category":"Mutant Standard - Body Parts","aliases":[]}},{"downloaded":true,"fileName":"ms_long_pointed_ear_s2.png","emoji":{"name":"ms_long_pointed_ear_s2","category":"Mutant Standard - Body Parts","aliases":[]}},{"downloaded":true,"fileName":"ms_long_pointed_ear_s3.png","emoji":{"name":"ms_long_pointed_ear_s3","category":"Mutant Standard - Body Parts","aliases":[]}},{"downloaded":true,"fileName":"ms_long_pointed_ear_t1.png","emoji":{"name":"ms_long_pointed_ear_t1","category":"Mutant Standard - Body Parts","aliases":[]}},{"downloaded":true,"fileName":"ms_long_pointed_ear_t2.png","emoji":{"name":"ms_long_pointed_ear_t2","category":"Mutant Standard - Body Parts","aliases":[]}},{"downloaded":true,"fileName":"ms_long_pointed_ear_t3.png","emoji":{"name":"ms_long_pointed_ear_t3","category":"Mutant Standard - Body Parts","aliases":[]}},{"downloaded":true,"fileName":"ms_long_pointed_ear_v1.png","emoji":{"name":"ms_long_pointed_ear_v1","category":"Mutant Standard - Body Parts","aliases":[]}},{"downloaded":true,"fileName":"ms_long_pointed_ear_v2.png","emoji":{"name":"ms_long_pointed_ear_v2","category":"Mutant Standard - Body Parts","aliases":[]}},{"downloaded":true,"fileName":"ms_long_pointed_ear_v3.png","emoji":{"name":"ms_long_pointed_ear_v3","category":"Mutant Standard - Body Parts","aliases":[]}},{"downloaded":true,"fileName":"ms_long_pointed_ear_y1.png","emoji":{"name":"ms_long_pointed_ear_y1","category":"Mutant Standard - Body Parts","aliases":[]}},{"downloaded":true,"fileName":"ms_long_pointed_ear_y2.png","emoji":{"name":"ms_long_pointed_ear_y2","category":"Mutant Standard - Body Parts","aliases":[]}},{"downloaded":true,"fileName":"ms_long_pointed_ear_y3.png","emoji":{"name":"ms_long_pointed_ear_y3","category":"Mutant Standard - Body Parts","aliases":[]}},{"downloaded":true,"fileName":"ms_mechanical_arm.png","emoji":{"name":"ms_mechanical_arm","category":"Mutant Standard - Body Parts","aliases":[]}},{"downloaded":true,"fileName":"ms_pointed_ear.png","emoji":{"name":"ms_pointed_ear","category":"Mutant Standard - Body Parts","aliases":[]}},{"downloaded":true,"fileName":"ms_pointed_ear_b1.png","emoji":{"name":"ms_pointed_ear_b1","category":"Mutant Standard - Body Parts","aliases":[]}},{"downloaded":true,"fileName":"ms_pointed_ear_b2.png","emoji":{"name":"ms_pointed_ear_b2","category":"Mutant Standard - Body Parts","aliases":[]}},{"downloaded":true,"fileName":"ms_pointed_ear_b3.png","emoji":{"name":"ms_pointed_ear_b3","category":"Mutant Standard - Body Parts","aliases":[]}},{"downloaded":true,"fileName":"ms_pointed_ear_c1.png","emoji":{"name":"ms_pointed_ear_c1","category":"Mutant Standard - Body Parts","aliases":[]}},{"downloaded":true,"fileName":"ms_pointed_ear_c2.png","emoji":{"name":"ms_pointed_ear_c2","category":"Mutant Standard - Body Parts","aliases":[]}},{"downloaded":true,"fileName":"ms_pointed_ear_c3.png","emoji":{"name":"ms_pointed_ear_c3","category":"Mutant Standard - Body Parts","aliases":[]}},{"downloaded":true,"fileName":"ms_pointed_ear_d1.png","emoji":{"name":"ms_pointed_ear_d1","category":"Mutant Standard - Body Parts","aliases":[]}},{"downloaded":true,"fileName":"ms_pointed_ear_d2.png","emoji":{"name":"ms_pointed_ear_d2","category":"Mutant Standard - Body Parts","aliases":[]}},{"downloaded":true,"fileName":"ms_pointed_ear_d3.png","emoji":{"name":"ms_pointed_ear_d3","category":"Mutant Standard - Body Parts","aliases":[]}},{"downloaded":true,"fileName":"ms_pointed_ear_e1.png","emoji":{"name":"ms_pointed_ear_e1","category":"Mutant Standard - Body Parts","aliases":[]}},{"downloaded":true,"fileName":"ms_pointed_ear_e2.png","emoji":{"name":"ms_pointed_ear_e2","category":"Mutant Standard - Body Parts","aliases":[]}},{"downloaded":true,"fileName":"ms_pointed_ear_e3.png","emoji":{"name":"ms_pointed_ear_e3","category":"Mutant Standard - Body Parts","aliases":[]}},{"downloaded":true,"fileName":"ms_pointed_ear_fe1.png","emoji":{"name":"ms_pointed_ear_fe1","category":"Mutant Standard - Body Parts","aliases":[]}},{"downloaded":true,"fileName":"ms_pointed_ear_fk1.png","emoji":{"name":"ms_pointed_ear_fk1","category":"Mutant Standard - Body Parts","aliases":[]}},{"downloaded":true,"fileName":"ms_pointed_ear_ft1.png","emoji":{"name":"ms_pointed_ear_ft1","category":"Mutant Standard - Body Parts","aliases":[]}},{"downloaded":true,"fileName":"ms_pointed_ear_g1.png","emoji":{"name":"ms_pointed_ear_g1","category":"Mutant Standard - Body Parts","aliases":[]}},{"downloaded":true,"fileName":"ms_pointed_ear_g2.png","emoji":{"name":"ms_pointed_ear_g2","category":"Mutant Standard - Body Parts","aliases":[]}},{"downloaded":true,"fileName":"ms_pointed_ear_g3.png","emoji":{"name":"ms_pointed_ear_g3","category":"Mutant Standard - Body Parts","aliases":[]}},{"downloaded":true,"fileName":"ms_pointed_ear_h1.png","emoji":{"name":"ms_pointed_ear_h1","category":"Mutant Standard - Body Parts","aliases":[]}},{"downloaded":true,"fileName":"ms_pointed_ear_h2.png","emoji":{"name":"ms_pointed_ear_h2","category":"Mutant Standard - Body Parts","aliases":[]}},{"downloaded":true,"fileName":"ms_pointed_ear_h3.png","emoji":{"name":"ms_pointed_ear_h3","category":"Mutant Standard - Body Parts","aliases":[]}},{"downloaded":true,"fileName":"ms_pointed_ear_h4.png","emoji":{"name":"ms_pointed_ear_h4","category":"Mutant Standard - Body Parts","aliases":[]}},{"downloaded":true,"fileName":"ms_pointed_ear_h5.png","emoji":{"name":"ms_pointed_ear_h5","category":"Mutant Standard - Body Parts","aliases":[]}},{"downloaded":true,"fileName":"ms_pointed_ear_k1.png","emoji":{"name":"ms_pointed_ear_k1","category":"Mutant Standard - Body Parts","aliases":[]}},{"downloaded":true,"fileName":"ms_pointed_ear_k2.png","emoji":{"name":"ms_pointed_ear_k2","category":"Mutant Standard - Body Parts","aliases":[]}},{"downloaded":true,"fileName":"ms_pointed_ear_k3.png","emoji":{"name":"ms_pointed_ear_k3","category":"Mutant Standard - Body Parts","aliases":[]}},{"downloaded":true,"fileName":"ms_pointed_ear_l1.png","emoji":{"name":"ms_pointed_ear_l1","category":"Mutant Standard - Body Parts","aliases":[]}},{"downloaded":true,"fileName":"ms_pointed_ear_l2.png","emoji":{"name":"ms_pointed_ear_l2","category":"Mutant Standard - Body Parts","aliases":[]}},{"downloaded":true,"fileName":"ms_pointed_ear_l3.png","emoji":{"name":"ms_pointed_ear_l3","category":"Mutant Standard - Body Parts","aliases":[]}},{"downloaded":true,"fileName":"ms_pointed_ear_m1.png","emoji":{"name":"ms_pointed_ear_m1","category":"Mutant Standard - Body Parts","aliases":[]}},{"downloaded":true,"fileName":"ms_pointed_ear_m2.png","emoji":{"name":"ms_pointed_ear_m2","category":"Mutant Standard - Body Parts","aliases":[]}},{"downloaded":true,"fileName":"ms_pointed_ear_m3.png","emoji":{"name":"ms_pointed_ear_m3","category":"Mutant Standard - Body Parts","aliases":[]}},{"downloaded":true,"fileName":"ms_pointed_ear_o1.png","emoji":{"name":"ms_pointed_ear_o1","category":"Mutant Standard - Body Parts","aliases":[]}},{"downloaded":true,"fileName":"ms_pointed_ear_o2.png","emoji":{"name":"ms_pointed_ear_o2","category":"Mutant Standard - Body Parts","aliases":[]}},{"downloaded":true,"fileName":"ms_pointed_ear_o3.png","emoji":{"name":"ms_pointed_ear_o3","category":"Mutant Standard - Body Parts","aliases":[]}},{"downloaded":true,"fileName":"ms_pointed_ear_p1.png","emoji":{"name":"ms_pointed_ear_p1","category":"Mutant Standard - Body Parts","aliases":[]}},{"downloaded":true,"fileName":"ms_pointed_ear_p2.png","emoji":{"name":"ms_pointed_ear_p2","category":"Mutant Standard - Body Parts","aliases":[]}},{"downloaded":true,"fileName":"ms_pointed_ear_p3.png","emoji":{"name":"ms_pointed_ear_p3","category":"Mutant Standard - Body Parts","aliases":[]}},{"downloaded":true,"fileName":"ms_pointed_ear_r1.png","emoji":{"name":"ms_pointed_ear_r1","category":"Mutant Standard - Body Parts","aliases":[]}},{"downloaded":true,"fileName":"ms_pointed_ear_r2.png","emoji":{"name":"ms_pointed_ear_r2","category":"Mutant Standard - Body Parts","aliases":[]}},{"downloaded":true,"fileName":"ms_pointed_ear_r3.png","emoji":{"name":"ms_pointed_ear_r3","category":"Mutant Standard - Body Parts","aliases":[]}},{"downloaded":true,"fileName":"ms_pointed_ear_s1.png","emoji":{"name":"ms_pointed_ear_s1","category":"Mutant Standard - Body Parts","aliases":[]}},{"downloaded":true,"fileName":"ms_pointed_ear_s2.png","emoji":{"name":"ms_pointed_ear_s2","category":"Mutant Standard - Body Parts","aliases":[]}},{"downloaded":true,"fileName":"ms_pointed_ear_s3.png","emoji":{"name":"ms_pointed_ear_s3","category":"Mutant Standard - Body Parts","aliases":[]}},{"downloaded":true,"fileName":"ms_pointed_ear_t1.png","emoji":{"name":"ms_pointed_ear_t1","category":"Mutant Standard - Body Parts","aliases":[]}},{"downloaded":true,"fileName":"ms_pointed_ear_t2.png","emoji":{"name":"ms_pointed_ear_t2","category":"Mutant Standard - Body Parts","aliases":[]}},{"downloaded":true,"fileName":"ms_pointed_ear_t3.png","emoji":{"name":"ms_pointed_ear_t3","category":"Mutant Standard - Body Parts","aliases":[]}},{"downloaded":true,"fileName":"ms_pointed_ear_v1.png","emoji":{"name":"ms_pointed_ear_v1","category":"Mutant Standard - Body Parts","aliases":[]}},{"downloaded":true,"fileName":"ms_pointed_ear_v2.png","emoji":{"name":"ms_pointed_ear_v2","category":"Mutant Standard - Body Parts","aliases":[]}},{"downloaded":true,"fileName":"ms_pointed_ear_v3.png","emoji":{"name":"ms_pointed_ear_v3","category":"Mutant Standard - Body Parts","aliases":[]}},{"downloaded":true,"fileName":"ms_pointed_ear_y1.png","emoji":{"name":"ms_pointed_ear_y1","category":"Mutant Standard - Body Parts","aliases":[]}},{"downloaded":true,"fileName":"ms_pointed_ear_y2.png","emoji":{"name":"ms_pointed_ear_y2","category":"Mutant Standard - Body Parts","aliases":[]}},{"downloaded":true,"fileName":"ms_pointed_ear_y3.png","emoji":{"name":"ms_pointed_ear_y3","category":"Mutant Standard - Body Parts","aliases":[]}}]}