{"metaVersion":1,"host":"https://git.joinfirefish.org/firefish/emoji-gen","exportedAt":"2024-03-08T10:47:35.843059211-06:00","emojis":[{"downloaded":true,"fileName":"BirbRobin.png","emoji":{"name":"BirbRobin","category":"Birbs","aliases":[]}},{"downloaded":true,"fileName":"BirbRedTailedHawk.png","emoji":{"name":"BirbRedTailedHawk","category":"Birbs","aliases":[]}},{"downloaded":true,"fileName":"BirbOwl.png","emoji":{"name":"BirbOwl","category":"Birbs","aliases":[]}},{"downloaded":true,"fileName":"BirbMagpie.png","emoji":{"name":"BirbMagpie","category":"Birbs","aliases":[]}},{"downloaded":true,"fileName":"BirbElepaio.png","emoji":{"name":"BirbElepaio","category":"Birbs","aliases":[]}},{"downloaded":true,"fileName":"BirbFinch.png","emoji":{"name":"BirbFinch","category":"Birbs","aliases":[]}},{"downloaded":true,"fileName":"BirbGull.png","emoji":{"name":"BirbGull","category":"Birbs","aliases":[]}},{"downloaded":true,"fileName":"BirbBlueJay.png","emoji":{"name":"BirbBlueJay","category":"Birbs","aliases":[]}},{"downloaded":true,"fileName":"BirbCockatiel.png","emoji":{"name":"BirbCockatiel","category":"Birbs","aliases":[]}},{"downloaded":true,"fileName":"BirbCardinalYellow.png","emoji":{"name":"BirbCardinalYellow","category":"Birbs","aliases":[]}},{"downloaded":true,"fileName":"BirbBeardedVulture.png","emoji":{"name":"BirbBeardedVulture","category":"Birbs","aliases":[]}}]}