{"metaVersion":1,"host":"https://git.joinfirefish.org/firefish/emoji-gen","exportedAt":"2024-03-08T10:43:36.086146527-06:00","emojis":[{"downloaded":true,"fileName":"mlm.png","emoji":{"name":"mlm","category":"Pride Flags","aliases":[]}},{"downloaded":true,"fileName":"xenogender.png","emoji":{"name":"xenogender","category":"Pride Flags","aliases":[]}},{"downloaded":true,"fileName":"twospirit.png","emoji":{"name":"twospirit","category":"Pride Flags","aliases":[]}},{"downloaded":true,"fileName":"transmasculine.png","emoji":{"name":"transmasculine","category":"Pride Flags","aliases":[]}},{"downloaded":true,"fileName":"transgender.png","emoji":{"name":"transgender","category":"Pride Flags","aliases":[]}},{"downloaded":true,"fileName":"transfeminine.png","emoji":{"name":"transfeminine","category":"Pride Flags","aliases":[]}},{"downloaded":true,"fileName":"straightally.png","emoji":{"name":"straightally","category":"Pride Flags","aliases":[]}},{"downloaded":true,"fileName":"sappho_lesbian.png","emoji":{"name":"sappho_lesbian","category":"Pride Flags","aliases":[]}},{"downloaded":true,"fileName":"sapphic.png","emoji":{"name":"sapphic","category":"Pride Flags","aliases":[]}},{"downloaded":true,"fileName":"progresspride.png","emoji":{"name":"progresspride","category":"Pride Flags","aliases":[]}},{"downloaded":true,"fileName":"polysexual.png","emoji":{"name":"polysexual","category":"Pride Flags","aliases":[]}},{"downloaded":true,"fileName":"polyamory.png","emoji":{"name":"polyamory","category":"Pride Flags","aliases":[]}},{"downloaded":true,"fileName":"philadephiapride.png","emoji":{"name":"philadephiapride","category":"Pride Flags","aliases":[]}},{"downloaded":true,"fileName":"pansexual.png","emoji":{"name":"pansexual","category":"Pride Flags","aliases":[]}},{"downloaded":true,"fileName":"pangender.png","emoji":{"name":"pangender","category":"Pride Flags","aliases":[]}},{"downloaded":true,"fileName":"originalpride.png","emoji":{"name":"originalpride","category":"Pride Flags","aliases":[]}},{"downloaded":true,"fileName":"nonbinary.png","emoji":{"name":"nonbinary","category":"Pride Flags","aliases":[]}},{"downloaded":true,"fileName":"nonbinary_cosmic_latte.png","emoji":{"name":"nonbinary_cosmic_latte","category":"Pride Flags","aliases":[]}},{"downloaded":true,"fileName":"neutrois.png","emoji":{"name":"neutrois","category":"Pride Flags","aliases":[]}},{"downloaded":true,"fileName":"lipstick_lesbian.png","emoji":{"name":"lipstick_lesbian","category":"Pride Flags","aliases":[]}},{"downloaded":true,"fileName":"lesbian.png","emoji":{"name":"lesbian","category":"Pride Flags","aliases":[]}},{"downloaded":true,"fileName":"intersexprogresspride.png","emoji":{"name":"intersexprogresspride","category":"Pride Flags","aliases":[]}},{"downloaded":true,"fileName":"intersex.png","emoji":{"name":"intersex","category":"Pride Flags","aliases":[]}},{"downloaded":true,"fileName":"genderqueer.png","emoji":{"name":"genderqueer","category":"Pride Flags","aliases":[]}},{"downloaded":true,"fileName":"genderfluid.png","emoji":{"name":"genderfluid","category":"Pride Flags","aliases":[]}},{"downloaded":true,"fileName":"demisexual.png","emoji":{"name":"demisexual","category":"Pride Flags","aliases":[]}},{"downloaded":true,"fileName":"demiromantic.png","emoji":{"name":"demiromantic","category":"Pride Flags","aliases":[]}},{"downloaded":true,"fileName":"deminonbinary.png","emoji":{"name":"deminonbinary","category":"Pride Flags","aliases":[]}},{"downloaded":true,"fileName":"demigirl.png","emoji":{"name":"demigirl","category":"Pride Flags","aliases":[]}},{"downloaded":true,"fileName":"demiboy.png","emoji":{"name":"demiboy","category":"Pride Flags","aliases":[]}},{"downloaded":true,"fileName":"bisexual.png","emoji":{"name":"bisexual","category":"Pride Flags","aliases":[]}},{"downloaded":true,"fileName":"bigender2.png","emoji":{"name":"bigender2","category":"Pride Flags","aliases":[]}},{"downloaded":true,"fileName":"bigender.png","emoji":{"name":"bigender","category":"Pride Flags","aliases":[]}},{"downloaded":true,"fileName":"asexual.png","emoji":{"name":"asexual","category":"Pride Flags","aliases":[]}},{"downloaded":true,"fileName":"aromantic.png","emoji":{"name":"aromantic","category":"Pride Flags","aliases":[]}},{"downloaded":true,"fileName":"agender.png","emoji":{"name":"agender","category":"Pride Flags","aliases":[]}},{"downloaded":true,"fileName":"achillean.png","emoji":{"name":"achillean","category":"Pride Flags","aliases":[]}},{"downloaded":true,"fileName":"abrosexual.png","emoji":{"name":"abrosexual","category":"Pride Flags","aliases":[]}}]}