{"metaVersion":1,"host":"https://git.joinfirefish.org/firefish/emoji-gen","exportedAt":"2024-03-19T13:55:46.665188659-05:00","emojis":[{"downloaded":true,"fileName":"ms_0.png","emoji":{"name":"ms_0","category":"Mutant Standard - Symbols","aliases":[]}},{"downloaded":true,"fileName":"ms_1.png","emoji":{"name":"ms_1","category":"Mutant Standard - Symbols","aliases":[]}},{"downloaded":true,"fileName":"ms_10.png","emoji":{"name":"ms_10","category":"Mutant Standard - Symbols","aliases":[]}},{"downloaded":true,"fileName":"ms_100.png","emoji":{"name":"ms_100","category":"Mutant Standard - Symbols","aliases":[]}},{"downloaded":true,"fileName":"ms_10_00.png","emoji":{"name":"ms_10_00","category":"Mutant Standard - Symbols","aliases":[]}},{"downloaded":true,"fileName":"ms_10_30.png","emoji":{"name":"ms_10_30","category":"Mutant Standard - Symbols","aliases":[]}},{"downloaded":true,"fileName":"ms_11_00.png","emoji":{"name":"ms_11_00","category":"Mutant Standard - Symbols","aliases":[]}},{"downloaded":true,"fileName":"ms_11_30.png","emoji":{"name":"ms_11_30","category":"Mutant Standard - Symbols","aliases":[]}},{"downloaded":true,"fileName":"ms_12_00.png","emoji":{"name":"ms_12_00","category":"Mutant Standard - Symbols","aliases":[]}},{"downloaded":true,"fileName":"ms_12_30.png","emoji":{"name":"ms_12_30","category":"Mutant Standard - Symbols","aliases":[]}},{"downloaded":true,"fileName":"ms_18_plus.png","emoji":{"name":"ms_18_plus","category":"Mutant Standard - Symbols","aliases":[]}},{"downloaded":true,"fileName":"ms_1_00.png","emoji":{"name":"ms_1_00","category":"Mutant Standard - Symbols","aliases":[]}},{"downloaded":true,"fileName":"ms_1_30.png","emoji":{"name":"ms_1_30","category":"Mutant Standard - Symbols","aliases":[]}},{"downloaded":true,"fileName":"ms_2.png","emoji":{"name":"ms_2","category":"Mutant Standard - Symbols","aliases":[]}},{"downloaded":true,"fileName":"ms_2_00.png","emoji":{"name":"ms_2_00","category":"Mutant Standard - Symbols","aliases":[]}},{"downloaded":true,"fileName":"ms_2_30.png","emoji":{"name":"ms_2_30","category":"Mutant Standard - Symbols","aliases":[]}},{"downloaded":true,"fileName":"ms_3.png","emoji":{"name":"ms_3","category":"Mutant Standard - Symbols","aliases":[]}},{"downloaded":true,"fileName":"ms_3_00.png","emoji":{"name":"ms_3_00","category":"Mutant Standard - Symbols","aliases":[]}},{"downloaded":true,"fileName":"ms_3_30.png","emoji":{"name":"ms_3_30","category":"Mutant Standard - Symbols","aliases":[]}},{"downloaded":true,"fileName":"ms_4.png","emoji":{"name":"ms_4","category":"Mutant Standard - Symbols","aliases":[]}},{"downloaded":true,"fileName":"ms_4_00.png","emoji":{"name":"ms_4_00","category":"Mutant Standard - Symbols","aliases":[]}},{"downloaded":true,"fileName":"ms_4_30.png","emoji":{"name":"ms_4_30","category":"Mutant Standard - Symbols","aliases":[]}},{"downloaded":true,"fileName":"ms_5.png","emoji":{"name":"ms_5","category":"Mutant Standard - Symbols","aliases":[]}},{"downloaded":true,"fileName":"ms_5_00.png","emoji":{"name":"ms_5_00","category":"Mutant Standard - Symbols","aliases":[]}},{"downloaded":true,"fileName":"ms_5_30.png","emoji":{"name":"ms_5_30","category":"Mutant Standard - Symbols","aliases":[]}},{"downloaded":true,"fileName":"ms_6.png","emoji":{"name":"ms_6","category":"Mutant Standard - Symbols","aliases":[]}},{"downloaded":true,"fileName":"ms_6_00.png","emoji":{"name":"ms_6_00","category":"Mutant Standard - Symbols","aliases":[]}},{"downloaded":true,"fileName":"ms_6_30.png","emoji":{"name":"ms_6_30","category":"Mutant Standard - Symbols","aliases":[]}},{"downloaded":true,"fileName":"ms_7.png","emoji":{"name":"ms_7","category":"Mutant Standard - Symbols","aliases":[]}},{"downloaded":true,"fileName":"ms_7_00.png","emoji":{"name":"ms_7_00","category":"Mutant Standard - Symbols","aliases":[]}},{"downloaded":true,"fileName":"ms_7_30.png","emoji":{"name":"ms_7_30","category":"Mutant Standard - Symbols","aliases":[]}},{"downloaded":true,"fileName":"ms_8.png","emoji":{"name":"ms_8","category":"Mutant Standard - Symbols","aliases":[]}},{"downloaded":true,"fileName":"ms_8_00.png","emoji":{"name":"ms_8_00","category":"Mutant Standard - Symbols","aliases":[]}},{"downloaded":true,"fileName":"ms_8_30.png","emoji":{"name":"ms_8_30","category":"Mutant Standard - Symbols","aliases":[]}},{"downloaded":true,"fileName":"ms_8_asterisk.png","emoji":{"name":"ms_8_asterisk","category":"Mutant Standard - Symbols","aliases":[]}},{"downloaded":true,"fileName":"ms_8_star.png","emoji":{"name":"ms_8_star","category":"Mutant Standard - Symbols","aliases":[]}},{"downloaded":true,"fileName":"ms_9.png","emoji":{"name":"ms_9","category":"Mutant Standard - Symbols","aliases":[]}},{"downloaded":true,"fileName":"ms_9_00.png","emoji":{"name":"ms_9_00","category":"Mutant Standard - Symbols","aliases":[]}},{"downloaded":true,"fileName":"ms_9_30.png","emoji":{"name":"ms_9_30","category":"Mutant Standard - Symbols","aliases":[]}},{"downloaded":true,"fileName":"ms_abc.png","emoji":{"name":"ms_abc","category":"Mutant Standard - Symbols","aliases":[]}},{"downloaded":true,"fileName":"ms_acceptable.png","emoji":{"name":"ms_acceptable","category":"Mutant Standard - Symbols","aliases":[]}},{"downloaded":true,"fileName":"ms_anger_symbol.png","emoji":{"name":"ms_anger_symbol","category":"Mutant Standard - Symbols","aliases":[]}},{"downloaded":true,"fileName":"ms_aquarius.png","emoji":{"name":"ms_aquarius","category":"Mutant Standard - Symbols","aliases":[]}},{"downloaded":true,"fileName":"ms_aries.png","emoji":{"name":"ms_aries","category":"Mutant Standard - Symbols","aliases":[]}},{"downloaded":true,"fileName":"ms_arrow_curve_down.png","emoji":{"name":"ms_arrow_curve_down","category":"Mutant Standard - Symbols","aliases":[]}},{"downloaded":true,"fileName":"ms_arrow_curve_left.png","emoji":{"name":"ms_arrow_curve_left","category":"Mutant Standard - Symbols","aliases":[]}},{"downloaded":true,"fileName":"ms_arrow_curve_right.png","emoji":{"name":"ms_arrow_curve_right","category":"Mutant Standard - Symbols","aliases":[]}},{"downloaded":true,"fileName":"ms_arrow_curve_up.png","emoji":{"name":"ms_arrow_curve_up","category":"Mutant Standard - Symbols","aliases":[]}},{"downloaded":true,"fileName":"ms_arrow_down.png","emoji":{"name":"ms_arrow_down","category":"Mutant Standard - Symbols","aliases":[]}},{"downloaded":true,"fileName":"ms_arrow_down_left.png","emoji":{"name":"ms_arrow_down_left","category":"Mutant Standard - Symbols","aliases":[]}},{"downloaded":true,"fileName":"ms_arrow_down_right.png","emoji":{"name":"ms_arrow_down_right","category":"Mutant Standard - Symbols","aliases":[]}},{"downloaded":true,"fileName":"ms_arrow_left.png","emoji":{"name":"ms_arrow_left","category":"Mutant Standard - Symbols","aliases":[]}},{"downloaded":true,"fileName":"ms_arrow_left_right.png","emoji":{"name":"ms_arrow_left_right","category":"Mutant Standard - Symbols","aliases":[]}},{"downloaded":true,"fileName":"ms_arrow_right.png","emoji":{"name":"ms_arrow_right","category":"Mutant Standard - Symbols","aliases":[]}},{"downloaded":true,"fileName":"ms_arrow_up.png","emoji":{"name":"ms_arrow_up","category":"Mutant Standard - Symbols","aliases":[]}},{"downloaded":true,"fileName":"ms_arrow_up_down.png","emoji":{"name":"ms_arrow_up_down","category":"Mutant Standard - Symbols","aliases":[]}},{"downloaded":true,"fileName":"ms_arrow_up_left.png","emoji":{"name":"ms_arrow_up_left","category":"Mutant Standard - Symbols","aliases":[]}},{"downloaded":true,"fileName":"ms_arrow_up_right.png","emoji":{"name":"ms_arrow_up_right","category":"Mutant Standard - Symbols","aliases":[]}},{"downloaded":true,"fileName":"ms_arrows_clockwise.png","emoji":{"name":"ms_arrows_clockwise","category":"Mutant Standard - Symbols","aliases":[]}},{"downloaded":true,"fileName":"ms_arrows_counterclockwise.png","emoji":{"name":"ms_arrows_counterclockwise","category":"Mutant Standard - Symbols","aliases":[]}},{"downloaded":true,"fileName":"ms_asterisk.png","emoji":{"name":"ms_asterisk","category":"Mutant Standard - Symbols","aliases":[]}},{"downloaded":true,"fileName":"ms_atm.png","emoji":{"name":"ms_atm","category":"Mutant Standard - Symbols","aliases":[]}},{"downloaded":true,"fileName":"ms_awoo.png","emoji":{"name":"ms_awoo","category":"Mutant Standard - Symbols","aliases":[]}},{"downloaded":true,"fileName":"ms_back.png","emoji":{"name":"ms_back","category":"Mutant Standard - Symbols","aliases":[]}},{"downloaded":true,"fileName":"ms_bandaged_heart.png","emoji":{"name":"ms_bandaged_heart","category":"Mutant Standard - Symbols","aliases":[]}},{"downloaded":true,"fileName":"ms_bargain.png","emoji":{"name":"ms_bargain","category":"Mutant Standard - Symbols","aliases":[]}},{"downloaded":true,"fileName":"ms_battery_empty.png","emoji":{"name":"ms_battery_empty","category":"Mutant Standard - Symbols","aliases":[]}},{"downloaded":true,"fileName":"ms_battery_full.png","emoji":{"name":"ms_battery_full","category":"Mutant Standard - Symbols","aliases":[]}},{"downloaded":true,"fileName":"ms_battery_low.png","emoji":{"name":"ms_battery_low","category":"Mutant Standard - Symbols","aliases":[]}},{"downloaded":true,"fileName":"ms_battery_medium.png","emoji":{"name":"ms_battery_medium","category":"Mutant Standard - Symbols","aliases":[]}},{"downloaded":true,"fileName":"ms_beating_heart.png","emoji":{"name":"ms_beating_heart","category":"Mutant Standard - Symbols","aliases":[]}},{"downloaded":true,"fileName":"ms_beginner.png","emoji":{"name":"ms_beginner","category":"Mutant Standard - Symbols","aliases":[]}},{"downloaded":true,"fileName":"ms_black_circle.png","emoji":{"name":"ms_black_circle","category":"Mutant Standard - Symbols","aliases":[]}},{"downloaded":true,"fileName":"ms_black_flag.png","emoji":{"name":"ms_black_flag","category":"Mutant Standard - Symbols","aliases":[]}},{"downloaded":true,"fileName":"ms_black_heart.png","emoji":{"name":"ms_black_heart","category":"Mutant Standard - Symbols","aliases":[]}},{"downloaded":true,"fileName":"ms_black_square_button.png","emoji":{"name":"ms_black_square_button","category":"Mutant Standard - Symbols","aliases":[]}},{"downloaded":true,"fileName":"ms_blood_type_a.png","emoji":{"name":"ms_blood_type_a","category":"Mutant Standard - Symbols","aliases":[]}},{"downloaded":true,"fileName":"ms_blood_type_ab.png","emoji":{"name":"ms_blood_type_ab","category":"Mutant Standard - Symbols","aliases":[]}},{"downloaded":true,"fileName":"ms_blood_type_b.png","emoji":{"name":"ms_blood_type_b","category":"Mutant Standard - Symbols","aliases":[]}},{"downloaded":true,"fileName":"ms_blood_type_o.png","emoji":{"name":"ms_blood_type_o","category":"Mutant Standard - Symbols","aliases":[]}},{"downloaded":true,"fileName":"ms_blue_circle.png","emoji":{"name":"ms_blue_circle","category":"Mutant Standard - Symbols","aliases":[]}},{"downloaded":true,"fileName":"ms_blue_heart.png","emoji":{"name":"ms_blue_heart","category":"Mutant Standard - Symbols","aliases":[]}},{"downloaded":true,"fileName":"ms_broken_heart.png","emoji":{"name":"ms_broken_heart","category":"Mutant Standard - Symbols","aliases":[]}},{"downloaded":true,"fileName":"ms_brown_heart.png","emoji":{"name":"ms_brown_heart","category":"Mutant Standard - Symbols","aliases":[]}},{"downloaded":true,"fileName":"ms_cancer.png","emoji":{"name":"ms_cancer","category":"Mutant Standard - Symbols","aliases":[]}},{"downloaded":true,"fileName":"ms_capricorn.png","emoji":{"name":"ms_capricorn","category":"Mutant Standard - Symbols","aliases":[]}},{"downloaded":true,"fileName":"ms_chart.png","emoji":{"name":"ms_chart","category":"Mutant Standard - Symbols","aliases":[]}},{"downloaded":true,"fileName":"ms_cinema.png","emoji":{"name":"ms_cinema","category":"Mutant Standard - Symbols","aliases":[]}},{"downloaded":true,"fileName":"ms_circle.png","emoji":{"name":"ms_circle","category":"Mutant Standard - Symbols","aliases":[]}},{"downloaded":true,"fileName":"ms_cl.png","emoji":{"name":"ms_cl","category":"Mutant Standard - Symbols","aliases":[]}},{"downloaded":true,"fileName":"ms_club_suit.png","emoji":{"name":"ms_club_suit","category":"Mutant Standard - Symbols","aliases":[]}},{"downloaded":true,"fileName":"ms_congratulations.png","emoji":{"name":"ms_congratulations","category":"Mutant Standard - Symbols","aliases":[]}},{"downloaded":true,"fileName":"ms_cool.png","emoji":{"name":"ms_cool","category":"Mutant Standard - Symbols","aliases":[]}},{"downloaded":true,"fileName":"ms_cross.png","emoji":{"name":"ms_cross","category":"Mutant Standard - Symbols","aliases":[]}},{"downloaded":true,"fileName":"ms_crossed_flags.png","emoji":{"name":"ms_crossed_flags","category":"Mutant Standard - Symbols","aliases":[]}},{"downloaded":true,"fileName":"ms_currency_conversion.png","emoji":{"name":"ms_currency_conversion","category":"Mutant Standard - Symbols","aliases":[]}},{"downloaded":true,"fileName":"ms_diamond_suit.png","emoji":{"name":"ms_diamond_suit","category":"Mutant Standard - Symbols","aliases":[]}},{"downloaded":true,"fileName":"ms_diamond_with_dot.png","emoji":{"name":"ms_diamond_with_dot","category":"Mutant Standard - Symbols","aliases":[]}},{"downloaded":true,"fileName":"ms_discount.png","emoji":{"name":"ms_discount","category":"Mutant Standard - Symbols","aliases":[]}},{"downloaded":true,"fileName":"ms_divide.png","emoji":{"name":"ms_divide","category":"Mutant Standard - Symbols","aliases":[]}},{"downloaded":true,"fileName":"ms_dollar.png","emoji":{"name":"ms_dollar","category":"Mutant Standard - Symbols","aliases":[]}},{"downloaded":true,"fileName":"ms_dont_at_me.png","emoji":{"name":"ms_dont_at_me","category":"Mutant Standard - Symbols","aliases":[]}},{"downloaded":true,"fileName":"ms_dont_awoo.png","emoji":{"name":"ms_dont_awoo","category":"Mutant Standard - Symbols","aliases":[]}},{"downloaded":true,"fileName":"ms_double_loop.png","emoji":{"name":"ms_double_loop","category":"Mutant Standard - Symbols","aliases":[]}},{"downloaded":true,"fileName":"ms_eject.png","emoji":{"name":"ms_eject","category":"Mutant Standard - Symbols","aliases":[]}},{"downloaded":true,"fileName":"ms_empty_heart.png","emoji":{"name":"ms_empty_heart","category":"Mutant Standard - Symbols","aliases":[]}},{"downloaded":true,"fileName":"ms_end.png","emoji":{"name":"ms_end","category":"Mutant Standard - Symbols","aliases":[]}},{"downloaded":true,"fileName":"ms_exclamation_exclamation.png","emoji":{"name":"ms_exclamation_exclamation","category":"Mutant Standard - Symbols","aliases":[]}},{"downloaded":true,"fileName":"ms_exclamation_question.png","emoji":{"name":"ms_exclamation_question","category":"Mutant Standard - Symbols","aliases":[]}},{"downloaded":true,"fileName":"ms_eye_speech_bubble.png","emoji":{"name":"ms_eye_speech_bubble","category":"Mutant Standard - Symbols","aliases":[]}},{"downloaded":true,"fileName":"ms_fast_down.png","emoji":{"name":"ms_fast_down","category":"Mutant Standard - Symbols","aliases":[]}},{"downloaded":true,"fileName":"ms_fast_forward.png","emoji":{"name":"ms_fast_forward","category":"Mutant Standard - Symbols","aliases":[]}},{"downloaded":true,"fileName":"ms_fast_up.png","emoji":{"name":"ms_fast_up","category":"Mutant Standard - Symbols","aliases":[]}},{"downloaded":true,"fileName":"ms_finish_flag.png","emoji":{"name":"ms_finish_flag","category":"Mutant Standard - Symbols","aliases":[]}},{"downloaded":true,"fileName":"ms_free.png","emoji":{"name":"ms_free","category":"Mutant Standard - Symbols","aliases":[]}},{"downloaded":true,"fileName":"ms_free_of_charge.png","emoji":{"name":"ms_free_of_charge","category":"Mutant Standard - Symbols","aliases":[]}},{"downloaded":true,"fileName":"ms_gemini.png","emoji":{"name":"ms_gemini","category":"Mutant Standard - Symbols","aliases":[]}},{"downloaded":true,"fileName":"ms_globe.png","emoji":{"name":"ms_globe","category":"Mutant Standard - Symbols","aliases":[]}},{"downloaded":true,"fileName":"ms_gray_exclamation_mark.png","emoji":{"name":"ms_gray_exclamation_mark","category":"Mutant Standard - Symbols","aliases":[]}},{"downloaded":true,"fileName":"ms_gray_heart.png","emoji":{"name":"ms_gray_heart","category":"Mutant Standard - Symbols","aliases":[]}},{"downloaded":true,"fileName":"ms_gray_question_mark.png","emoji":{"name":"ms_gray_question_mark","category":"Mutant Standard - Symbols","aliases":[]}},{"downloaded":true,"fileName":"ms_green_cross.png","emoji":{"name":"ms_green_cross","category":"Mutant Standard - Symbols","aliases":[]}},{"downloaded":true,"fileName":"ms_green_heart.png","emoji":{"name":"ms_green_heart","category":"Mutant Standard - Symbols","aliases":[]}},{"downloaded":true,"fileName":"ms_green_tick.png","emoji":{"name":"ms_green_tick","category":"Mutant Standard - Symbols","aliases":[]}},{"downloaded":true,"fileName":"ms_growing_heart.png","emoji":{"name":"ms_growing_heart","category":"Mutant Standard - Symbols","aliases":[]}},{"downloaded":true,"fileName":"ms_half_heart.png","emoji":{"name":"ms_half_heart","category":"Mutant Standard - Symbols","aliases":[]}},{"downloaded":true,"fileName":"ms_hash.png","emoji":{"name":"ms_hash","category":"Mutant Standard - Symbols","aliases":[]}},{"downloaded":true,"fileName":"ms_heart_arrow.png","emoji":{"name":"ms_heart_arrow","category":"Mutant Standard - Symbols","aliases":[]}},{"downloaded":true,"fileName":"ms_heart_decoration.png","emoji":{"name":"ms_heart_decoration","category":"Mutant Standard - Symbols","aliases":[]}},{"downloaded":true,"fileName":"ms_heart_exclamation.png","emoji":{"name":"ms_heart_exclamation","category":"Mutant Standard - Symbols","aliases":[]}},{"downloaded":true,"fileName":"ms_heart_on_fire.png","emoji":{"name":"ms_heart_on_fire","category":"Mutant Standard - Symbols","aliases":[]}},{"downloaded":true,"fileName":"ms_heart_suit.png","emoji":{"name":"ms_heart_suit","category":"Mutant Standard - Symbols","aliases":[]}},{"downloaded":true,"fileName":"ms_high_brightness.png","emoji":{"name":"ms_high_brightness","category":"Mutant Standard - Symbols","aliases":[]}},{"downloaded":true,"fileName":"ms_infinity.png","emoji":{"name":"ms_infinity","category":"Mutant Standard - Symbols","aliases":[]}},{"downloaded":true,"fileName":"ms_info.png","emoji":{"name":"ms_info","category":"Mutant Standard - Symbols","aliases":[]}},{"downloaded":true,"fileName":"ms_koko.png","emoji":{"name":"ms_koko","category":"Mutant Standard - Symbols","aliases":[]}},{"downloaded":true,"fileName":"ms_large_black_square.png","emoji":{"name":"ms_large_black_square","category":"Mutant Standard - Symbols","aliases":[]}},{"downloaded":true,"fileName":"ms_large_blue_diamond.png","emoji":{"name":"ms_large_blue_diamond","category":"Mutant Standard - Symbols","aliases":[]}},{"downloaded":true,"fileName":"ms_large_orange_diamond.png","emoji":{"name":"ms_large_orange_diamond","category":"Mutant Standard - Symbols","aliases":[]}},{"downloaded":true,"fileName":"ms_large_white_square.png","emoji":{"name":"ms_large_white_square","category":"Mutant Standard - Symbols","aliases":[]}},{"downloaded":true,"fileName":"ms_latin_lowercase.png","emoji":{"name":"ms_latin_lowercase","category":"Mutant Standard - Symbols","aliases":[]}},{"downloaded":true,"fileName":"ms_latin_uppercase.png","emoji":{"name":"ms_latin_uppercase","category":"Mutant Standard - Symbols","aliases":[]}},{"downloaded":true,"fileName":"ms_leo.png","emoji":{"name":"ms_leo","category":"Mutant Standard - Symbols","aliases":[]}},{"downloaded":true,"fileName":"ms_libra.png","emoji":{"name":"ms_libra","category":"Mutant Standard - Symbols","aliases":[]}},{"downloaded":true,"fileName":"ms_light_blue_heart.png","emoji":{"name":"ms_light_blue_heart","category":"Mutant Standard - Symbols","aliases":[]}},{"downloaded":true,"fileName":"ms_litter_in_bin.png","emoji":{"name":"ms_litter_in_bin","category":"Mutant Standard - Symbols","aliases":[]}},{"downloaded":true,"fileName":"ms_loop.png","emoji":{"name":"ms_loop","category":"Mutant Standard - Symbols","aliases":[]}},{"downloaded":true,"fileName":"ms_low_brightness.png","emoji":{"name":"ms_low_brightness","category":"Mutant Standard - Symbols","aliases":[]}},{"downloaded":true,"fileName":"ms_medium_black_square.png","emoji":{"name":"ms_medium_black_square","category":"Mutant Standard - Symbols","aliases":[]}},{"downloaded":true,"fileName":"ms_medium_small_black_square.png","emoji":{"name":"ms_medium_small_black_square","category":"Mutant Standard - Symbols","aliases":[]}},{"downloaded":true,"fileName":"ms_medium_small_white_square.png","emoji":{"name":"ms_medium_small_white_square","category":"Mutant Standard - Symbols","aliases":[]}},{"downloaded":true,"fileName":"ms_medium_white_square.png","emoji":{"name":"ms_medium_white_square","category":"Mutant Standard - Symbols","aliases":[]}},{"downloaded":true,"fileName":"ms_metro_sign.png","emoji":{"name":"ms_metro_sign","category":"Mutant Standard - Symbols","aliases":[]}},{"downloaded":true,"fileName":"ms_minus.png","emoji":{"name":"ms_minus","category":"Mutant Standard - Symbols","aliases":[]}},{"downloaded":true,"fileName":"ms_month.png","emoji":{"name":"ms_month","category":"Mutant Standard - Symbols","aliases":[]}},{"downloaded":true,"fileName":"ms_multiply.png","emoji":{"name":"ms_multiply","category":"Mutant Standard - Symbols","aliases":[]}},{"downloaded":true,"fileName":"ms_music_note.png","emoji":{"name":"ms_music_note","category":"Mutant Standard - Symbols","aliases":[]}},{"downloaded":true,"fileName":"ms_music_notes.png","emoji":{"name":"ms_music_notes","category":"Mutant Standard - Symbols","aliases":[]}},{"downloaded":true,"fileName":"ms_name_badge.png","emoji":{"name":"ms_name_badge","category":"Mutant Standard - Symbols","aliases":[]}},{"downloaded":true,"fileName":"ms_neurodiversity.png","emoji":{"name":"ms_neurodiversity","category":"Mutant Standard - Symbols","aliases":[]}},{"downloaded":true,"fileName":"ms_new.png","emoji":{"name":"ms_new","category":"Mutant Standard - Symbols","aliases":[]}},{"downloaded":true,"fileName":"ms_ng.png","emoji":{"name":"ms_ng","category":"Mutant Standard - Symbols","aliases":[]}},{"downloaded":true,"fileName":"ms_no.png","emoji":{"name":"ms_no","category":"Mutant Standard - Symbols","aliases":[]}},{"downloaded":true,"fileName":"ms_no_entry.png","emoji":{"name":"ms_no_entry","category":"Mutant Standard - Symbols","aliases":[]}},{"downloaded":true,"fileName":"ms_no_vacancy.png","emoji":{"name":"ms_no_vacancy","category":"Mutant Standard - Symbols","aliases":[]}},{"downloaded":true,"fileName":"ms_not_free.png","emoji":{"name":"ms_not_free","category":"Mutant Standard - Symbols","aliases":[]}},{"downloaded":true,"fileName":"ms_numbers.png","emoji":{"name":"ms_numbers","category":"Mutant Standard - Symbols","aliases":[]}},{"downloaded":true,"fileName":"ms_ok.png","emoji":{"name":"ms_ok","category":"Mutant Standard - Symbols","aliases":[]}},{"downloaded":true,"fileName":"ms_on_arrow.png","emoji":{"name":"ms_on_arrow","category":"Mutant Standard - Symbols","aliases":[]}},{"downloaded":true,"fileName":"ms_open_for_business.png","emoji":{"name":"ms_open_for_business","category":"Mutant Standard - Symbols","aliases":[]}},{"downloaded":true,"fileName":"ms_orange_heart.png","emoji":{"name":"ms_orange_heart","category":"Mutant Standard - Symbols","aliases":[]}},{"downloaded":true,"fileName":"ms_parking.png","emoji":{"name":"ms_parking","category":"Mutant Standard - Symbols","aliases":[]}},{"downloaded":true,"fileName":"ms_passing_grade.png","emoji":{"name":"ms_passing_grade","category":"Mutant Standard - Symbols","aliases":[]}},{"downloaded":true,"fileName":"ms_pause.png","emoji":{"name":"ms_pause","category":"Mutant Standard - Symbols","aliases":[]}},{"downloaded":true,"fileName":"ms_pink_heart.png","emoji":{"name":"ms_pink_heart","category":"Mutant Standard - Symbols","aliases":[]}},{"downloaded":true,"fileName":"ms_pirate_flag.png","emoji":{"name":"ms_pirate_flag","category":"Mutant Standard - Symbols","aliases":[]}},{"downloaded":true,"fileName":"ms_pisces.png","emoji":{"name":"ms_pisces","category":"Mutant Standard - Symbols","aliases":[]}},{"downloaded":true,"fileName":"ms_play.png","emoji":{"name":"ms_play","category":"Mutant Standard - Symbols","aliases":[]}},{"downloaded":true,"fileName":"ms_play_down.png","emoji":{"name":"ms_play_down","category":"Mutant Standard - Symbols","aliases":[]}},{"downloaded":true,"fileName":"ms_play_pause.png","emoji":{"name":"ms_play_pause","category":"Mutant Standard - Symbols","aliases":[]}},{"downloaded":true,"fileName":"ms_play_up.png","emoji":{"name":"ms_play_up","category":"Mutant Standard - Symbols","aliases":[]}},{"downloaded":true,"fileName":"ms_plus.png","emoji":{"name":"ms_plus","category":"Mutant Standard - Symbols","aliases":[]}},{"downloaded":true,"fileName":"ms_potable_water.png","emoji":{"name":"ms_potable_water","category":"Mutant Standard - Symbols","aliases":[]}},{"downloaded":true,"fileName":"ms_prohibited.png","emoji":{"name":"ms_prohibited","category":"Mutant Standard - Symbols","aliases":[]}},{"downloaded":true,"fileName":"ms_purple_heart.png","emoji":{"name":"ms_purple_heart","category":"Mutant Standard - Symbols","aliases":[]}},{"downloaded":true,"fileName":"ms_radio_button.png","emoji":{"name":"ms_radio_button","category":"Mutant Standard - Symbols","aliases":[]}},{"downloaded":true,"fileName":"ms_record.png","emoji":{"name":"ms_record","category":"Mutant Standard - Symbols","aliases":[]}},{"downloaded":true,"fileName":"ms_red_circle.png","emoji":{"name":"ms_red_circle","category":"Mutant Standard - Symbols","aliases":[]}},{"downloaded":true,"fileName":"ms_red_downward_triangle.png","emoji":{"name":"ms_red_downward_triangle","category":"Mutant Standard - Symbols","aliases":[]}},{"downloaded":true,"fileName":"ms_red_exclamation_mark.png","emoji":{"name":"ms_red_exclamation_mark","category":"Mutant Standard - Symbols","aliases":[]}},{"downloaded":true,"fileName":"ms_red_heart.png","emoji":{"name":"ms_red_heart","category":"Mutant Standard - Symbols","aliases":[]}},{"downloaded":true,"fileName":"ms_red_question_mark.png","emoji":{"name":"ms_red_question_mark","category":"Mutant Standard - Symbols","aliases":[]}},{"downloaded":true,"fileName":"ms_red_upward_triangle.png","emoji":{"name":"ms_red_upward_triangle","category":"Mutant Standard - Symbols","aliases":[]}},{"downloaded":true,"fileName":"ms_repeat.png","emoji":{"name":"ms_repeat","category":"Mutant Standard - Symbols","aliases":[]}},{"downloaded":true,"fileName":"ms_repeat_once.png","emoji":{"name":"ms_repeat_once","category":"Mutant Standard - Symbols","aliases":[]}},{"downloaded":true,"fileName":"ms_request.png","emoji":{"name":"ms_request","category":"Mutant Standard - Symbols","aliases":[]}},{"downloaded":true,"fileName":"ms_reserved.png","emoji":{"name":"ms_reserved","category":"Mutant Standard - Symbols","aliases":[]}},{"downloaded":true,"fileName":"ms_reverse.png","emoji":{"name":"ms_reverse","category":"Mutant Standard - Symbols","aliases":[]}},{"downloaded":true,"fileName":"ms_revolving_hearts.png","emoji":{"name":"ms_revolving_hearts","category":"Mutant Standard - Symbols","aliases":[]}},{"downloaded":true,"fileName":"ms_rewind.png","emoji":{"name":"ms_rewind","category":"Mutant Standard - Symbols","aliases":[]}},{"downloaded":true,"fileName":"ms_ribbon_heart.png","emoji":{"name":"ms_ribbon_heart","category":"Mutant Standard - Symbols","aliases":[]}},{"downloaded":true,"fileName":"ms_sa.png","emoji":{"name":"ms_sa","category":"Mutant Standard - Symbols","aliases":[]}},{"downloaded":true,"fileName":"ms_sagittarius.png","emoji":{"name":"ms_sagittarius","category":"Mutant Standard - Symbols","aliases":[]}},{"downloaded":true,"fileName":"ms_scorpio.png","emoji":{"name":"ms_scorpio","category":"Mutant Standard - Symbols","aliases":[]}},{"downloaded":true,"fileName":"ms_secret.png","emoji":{"name":"ms_secret","category":"Mutant Standard - Symbols","aliases":[]}},{"downloaded":true,"fileName":"ms_shuffle.png","emoji":{"name":"ms_shuffle","category":"Mutant Standard - Symbols","aliases":[]}},{"downloaded":true,"fileName":"ms_signal.png","emoji":{"name":"ms_signal","category":"Mutant Standard - Symbols","aliases":[]}},{"downloaded":true,"fileName":"ms_skip_back.png","emoji":{"name":"ms_skip_back","category":"Mutant Standard - Symbols","aliases":[]}},{"downloaded":true,"fileName":"ms_skip_forward.png","emoji":{"name":"ms_skip_forward","category":"Mutant Standard - Symbols","aliases":[]}},{"downloaded":true,"fileName":"ms_small_black_square.png","emoji":{"name":"ms_small_black_square","category":"Mutant Standard - Symbols","aliases":[]}},{"downloaded":true,"fileName":"ms_small_blue_diamond.png","emoji":{"name":"ms_small_blue_diamond","category":"Mutant Standard - Symbols","aliases":[]}},{"downloaded":true,"fileName":"ms_small_orange_diamond.png","emoji":{"name":"ms_small_orange_diamond","category":"Mutant Standard - Symbols","aliases":[]}},{"downloaded":true,"fileName":"ms_small_white_square.png","emoji":{"name":"ms_small_white_square","category":"Mutant Standard - Symbols","aliases":[]}},{"downloaded":true,"fileName":"ms_soon.png","emoji":{"name":"ms_soon","category":"Mutant Standard - Symbols","aliases":[]}},{"downloaded":true,"fileName":"ms_sos.png","emoji":{"name":"ms_sos","category":"Mutant Standard - Symbols","aliases":[]}},{"downloaded":true,"fileName":"ms_spade_suit.png","emoji":{"name":"ms_spade_suit","category":"Mutant Standard - Symbols","aliases":[]}},{"downloaded":true,"fileName":"ms_sparkle.png","emoji":{"name":"ms_sparkle","category":"Mutant Standard - Symbols","aliases":[]}},{"downloaded":true,"fileName":"ms_sparkling_heart.png","emoji":{"name":"ms_sparkling_heart","category":"Mutant Standard - Symbols","aliases":[]}},{"downloaded":true,"fileName":"ms_speaker_loud_volume.png","emoji":{"name":"ms_speaker_loud_volume","category":"Mutant Standard - Symbols","aliases":[]}},{"downloaded":true,"fileName":"ms_speaker_low_volume.png","emoji":{"name":"ms_speaker_low_volume","category":"Mutant Standard - Symbols","aliases":[]}},{"downloaded":true,"fileName":"ms_speaker_medium_volume.png","emoji":{"name":"ms_speaker_medium_volume","category":"Mutant Standard - Symbols","aliases":[]}},{"downloaded":true,"fileName":"ms_speaker_muted.png","emoji":{"name":"ms_speaker_muted","category":"Mutant Standard - Symbols","aliases":[]}},{"downloaded":true,"fileName":"ms_special_characters.png","emoji":{"name":"ms_special_characters","category":"Mutant Standard - Symbols","aliases":[]}},{"downloaded":true,"fileName":"ms_speech_bubble.png","emoji":{"name":"ms_speech_bubble","category":"Mutant Standard - Symbols","aliases":[]}},{"downloaded":true,"fileName":"ms_spiky_speech_bubble.png","emoji":{"name":"ms_spiky_speech_bubble","category":"Mutant Standard - Symbols","aliases":[]}},{"downloaded":true,"fileName":"ms_spiral.png","emoji":{"name":"ms_spiral","category":"Mutant Standard - Symbols","aliases":[]}},{"downloaded":true,"fileName":"ms_staff_of_asclepius.png","emoji":{"name":"ms_staff_of_asclepius","category":"Mutant Standard - Symbols","aliases":[]}},{"downloaded":true,"fileName":"ms_stop.png","emoji":{"name":"ms_stop","category":"Mutant Standard - Symbols","aliases":[]}},{"downloaded":true,"fileName":"ms_stop_sign.png","emoji":{"name":"ms_stop_sign","category":"Mutant Standard - Symbols","aliases":[]}},{"downloaded":true,"fileName":"ms_taurus.png","emoji":{"name":"ms_taurus","category":"Mutant Standard - Symbols","aliases":[]}},{"downloaded":true,"fileName":"ms_thought_bubble.png","emoji":{"name":"ms_thought_bubble","category":"Mutant Standard - Symbols","aliases":[]}},{"downloaded":true,"fileName":"ms_tick.png","emoji":{"name":"ms_tick","category":"Mutant Standard - Symbols","aliases":[]}},{"downloaded":true,"fileName":"ms_tick_box.png","emoji":{"name":"ms_tick_box","category":"Mutant Standard - Symbols","aliases":[]}},{"downloaded":true,"fileName":"ms_tilde.png","emoji":{"name":"ms_tilde","category":"Mutant Standard - Symbols","aliases":[]}},{"downloaded":true,"fileName":"ms_toilet.png","emoji":{"name":"ms_toilet","category":"Mutant Standard - Symbols","aliases":[]}},{"downloaded":true,"fileName":"ms_top.png","emoji":{"name":"ms_top","category":"Mutant Standard - Symbols","aliases":[]}},{"downloaded":true,"fileName":"ms_triangle_flag.png","emoji":{"name":"ms_triangle_flag","category":"Mutant Standard - Symbols","aliases":[]}},{"downloaded":true,"fileName":"ms_two_hearts.png","emoji":{"name":"ms_two_hearts","category":"Mutant Standard - Symbols","aliases":[]}},{"downloaded":true,"fileName":"ms_up.png","emoji":{"name":"ms_up","category":"Mutant Standard - Symbols","aliases":[]}},{"downloaded":true,"fileName":"ms_vacancy.png","emoji":{"name":"ms_vacancy","category":"Mutant Standard - Symbols","aliases":[]}},{"downloaded":true,"fileName":"ms_virgo.png","emoji":{"name":"ms_virgo","category":"Mutant Standard - Symbols","aliases":[]}},{"downloaded":true,"fileName":"ms_vs.png","emoji":{"name":"ms_vs","category":"Mutant Standard - Symbols","aliases":[]}},{"downloaded":true,"fileName":"ms_wavy_dash.png","emoji":{"name":"ms_wavy_dash","category":"Mutant Standard - Symbols","aliases":[]}},{"downloaded":true,"fileName":"ms_wc.png","emoji":{"name":"ms_wc","category":"Mutant Standard - Symbols","aliases":[]}},{"downloaded":true,"fileName":"ms_wheelchair.png","emoji":{"name":"ms_wheelchair","category":"Mutant Standard - Symbols","aliases":[]}},{"downloaded":true,"fileName":"ms_white_circle.png","emoji":{"name":"ms_white_circle","category":"Mutant Standard - Symbols","aliases":[]}},{"downloaded":true,"fileName":"ms_white_flag.png","emoji":{"name":"ms_white_flag","category":"Mutant Standard - Symbols","aliases":[]}},{"downloaded":true,"fileName":"ms_white_heart.png","emoji":{"name":"ms_white_heart","category":"Mutant Standard - Symbols","aliases":[]}},{"downloaded":true,"fileName":"ms_white_square_button.png","emoji":{"name":"ms_white_square_button","category":"Mutant Standard - Symbols","aliases":[]}},{"downloaded":true,"fileName":"ms_yellow_heart.png","emoji":{"name":"ms_yellow_heart","category":"Mutant Standard - Symbols","aliases":[]}},{"downloaded":true,"fileName":"ms_zzz.png","emoji":{"name":"ms_zzz","category":"Mutant Standard - Symbols","aliases":[]}}]}