{"metaVersion":1,"host":"https://git.joinfirefish.org/firefish/emoji-gen","exportedAt":"2024-03-08T10:58:37.622872728-06:00","emojis":[{"downloaded":true,"fileName":"dragnyell.png","emoji":{"name":"dragnyell","category":"Dragn","aliases":[]}},{"downloaded":true,"fileName":"dragnwitch.png","emoji":{"name":"dragnwitch","category":"Dragn","aliases":[]}},{"downloaded":true,"fileName":"dragnuwumlem.png","emoji":{"name":"dragnuwumlem","category":"Dragn","aliases":[]}},{"downloaded":true,"fileName":"dragnuwu.png","emoji":{"name":"dragnuwu","category":"Dragn","aliases":[]}},{"downloaded":true,"fileName":"dragnupsidedown.png","emoji":{"name":"dragnupsidedown","category":"Dragn","aliases":[]}},{"downloaded":true,"fileName":"dragnthx.png","emoji":{"name":"dragnthx","category":"Dragn","aliases":[]}},{"downloaded":true,"fileName":"dragnthink.png","emoji":{"name":"dragnthink","category":"Dragn","aliases":[]}},{"downloaded":true,"fileName":"dragnthinkhappy.png","emoji":{"name":"dragnthinkhappy","category":"Dragn","aliases":[]}},{"downloaded":true,"fileName":"dragnthinkflare.png","emoji":{"name":"dragnthinkflare","category":"Dragn","aliases":[]}},{"downloaded":true,"fileName":"dragntea.png","emoji":{"name":"dragntea","category":"Dragn","aliases":[]}},{"downloaded":true,"fileName":"dragnsweats.png","emoji":{"name":"dragnsweats","category":"Dragn","aliases":[]}},{"downloaded":true,"fileName":"dragnsob.png","emoji":{"name":"dragnsob","category":"Dragn","aliases":[]}},{"downloaded":true,"fileName":"dragnsmirk.png","emoji":{"name":"dragnsmirk","category":"Dragn","aliases":[]}},{"downloaded":true,"fileName":"dragnsleep.png","emoji":{"name":"dragnsleep","category":"Dragn","aliases":[]}},{"downloaded":true,"fileName":"dragnsip.png","emoji":{"name":"dragnsip","category":"Dragn","aliases":[]}},{"downloaded":true,"fileName":"dragnshock.png","emoji":{"name":"dragnshock","category":"Dragn","aliases":[]}},{"downloaded":true,"fileName":"dragnsarc.png","emoji":{"name":"dragnsarc","category":"Dragn","aliases":[]}},{"downloaded":true,"fileName":"dragnsad.png","emoji":{"name":"dragnsad","category":"Dragn","aliases":[]}},{"downloaded":true,"fileName":"dragnpizza.png","emoji":{"name":"dragnpizza","category":"Dragn","aliases":[]}},{"downloaded":true,"fileName":"dragnpats.png","emoji":{"name":"dragnpats","category":"Dragn","aliases":[]}},{"downloaded":true,"fileName":"dragnowo.png","emoji":{"name":"dragnowo","category":"Dragn","aliases":[]}},{"downloaded":true,"fileName":"dragno.png","emoji":{"name":"dragno","category":"Dragn","aliases":[]}},{"downloaded":true,"fileName":"dragnmlem.png","emoji":{"name":"dragnmlem","category":"Dragn","aliases":[]}},{"downloaded":true,"fileName":"dragnmelt.png","emoji":{"name":"dragnmelt","category":"Dragn","aliases":[]}},{"downloaded":true,"fileName":"dragnloaf.png","emoji":{"name":"dragnloaf","category":"Dragn","aliases":[]}},{"downloaded":true,"fileName":"dragnhearteyes.png","emoji":{"name":"dragnhearteyes","category":"Dragn","aliases":[]}},{"downloaded":true,"fileName":"dragnheart.png","emoji":{"name":"dragnheart","category":"Dragn","aliases":[]}},{"downloaded":true,"fileName":"dragnheadtilt.png","emoji":{"name":"dragnheadtilt","category":"Dragn","aliases":[]}},{"downloaded":true,"fileName":"dragnheadphones.png","emoji":{"name":"dragnheadphones","category":"Dragn","aliases":[]}},{"downloaded":true,"fileName":"dragnhatch.png","emoji":{"name":"dragnhatch","category":"Dragn","aliases":[]}},{"downloaded":true,"fileName":"dragnhappy.png","emoji":{"name":"dragnhappy","category":"Dragn","aliases":[]}},{"downloaded":true,"fileName":"dragngrimace.png","emoji":{"name":"dragngrimace","category":"Dragn","aliases":[]}},{"downloaded":true,"fileName":"dragnflushed.png","emoji":{"name":"dragnflushed","category":"Dragn","aliases":[]}},{"downloaded":true,"fileName":"dragnfloshed.png","emoji":{"name":"dragnfloshed","category":"Dragn","aliases":[]}},{"downloaded":true,"fileName":"dragneyes.png","emoji":{"name":"dragneyes","category":"Dragn","aliases":[]}},{"downloaded":true,"fileName":"dragndrool.png","emoji":{"name":"dragndrool","category":"Dragn","aliases":[]}},{"downloaded":true,"fileName":"dragncrysmile.png","emoji":{"name":"dragncrysmile","category":"Dragn","aliases":[]}},{"downloaded":true,"fileName":"dragncool.png","emoji":{"name":"dragncool","category":"Dragn","aliases":[]}},{"downloaded":true,"fileName":"dragncoolmlem.png","emoji":{"name":"dragncoolmlem","category":"Dragn","aliases":[]}},{"downloaded":true,"fileName":"dragncookie.png","emoji":{"name":"dragncookie","category":"Dragn","aliases":[]}},{"downloaded":true,"fileName":"dragnconfused.png","emoji":{"name":"dragnconfused","category":"Dragn","aliases":[]}},{"downloaded":true,"fileName":"dragnblanketsleep.png","emoji":{"name":"dragnblanketsleep","category":"Dragn","aliases":[]}},{"downloaded":true,"fileName":"dragnblanket.png","emoji":{"name":"dragnblanket","category":"Dragn","aliases":[]}},{"downloaded":true,"fileName":"dragnblanketsleeppats.png","emoji":{"name":"dragnblanketsleeppats","category":"Dragn","aliases":[]}},{"downloaded":true,"fileName":"dragnblanketgrumpy.png","emoji":{"name":"dragnblanketgrumpy","category":"Dragn","aliases":[]}},{"downloaded":true,"fileName":"dragnaww.png","emoji":{"name":"dragnaww","category":"Dragn","aliases":[]}},{"downloaded":true,"fileName":"dragnangry.png","emoji":{"name":"dragnangry","category":"Dragn","aliases":[]}}]}