{"metaVersion":1,"host":"https://git.joinfirefish.org/firefish/emoji-gen","exportedAt":"2024-03-08T17:34:45.754588762-05:00","emojis":[{"downloaded":true,"fileName":"baba_and.gif","emoji":{"name":"baba_and","category":"Custom","aliases":[]}},{"downloaded":true,"fileName":"baba_are.gif","emoji":{"name":"baba_are","category":"Custom","aliases":[]}},{"downloaded":true,"fileName":"baba_baba.gif","emoji":{"name":"baba_baba","category":"Custom","aliases":[]}},{"downloaded":true,"fileName":"baba_cool.gif","emoji":{"name":"baba_cool","category":"Custom","aliases":[]}},{"downloaded":true,"fileName":"baba_cute.gif","emoji":{"name":"baba_cute","category":"Custom","aliases":[]}},{"downloaded":true,"fileName":"baba_gay.gif","emoji":{"name":"baba_gay","category":"Custom","aliases":[]}},{"downloaded":true,"fileName":"baba_hot.gif","emoji":{"name":"baba_hot","category":"Custom","aliases":[]}},{"downloaded":true,"fileName":"baba_is_cat.gif","emoji":{"name":"baba_is_cat","category":"Custom","aliases":[]}},{"downloaded":true,"fileName":"baba_is.gif","emoji":{"name":"baba_is","category":"Custom","aliases":[]}},{"downloaded":true,"fileName":"baba_me.gif","emoji":{"name":"baba_me","category":"Custom","aliases":[]}},{"downloaded":true,"fileName":"baba_nap.gif","emoji":{"name":"baba_nap","category":"Custom","aliases":[]}},{"downloaded":true,"fileName":"baba_sad.gif","emoji":{"name":"baba_sad","category":"Custom","aliases":[]}},{"downloaded":true,"fileName":"baba_soft.gif","emoji":{"name":"baba_soft","category":"Custom","aliases":[]}},{"downloaded":true,"fileName":"baba_spin.gif","emoji":{"name":"baba_spin","category":"Custom","aliases":[]}},{"downloaded":true,"fileName":"baba_you.gif","emoji":{"name":"baba_you","category":"Custom","aliases":[]}},{"downloaded":true,"fileName":"babat_flag.gif","emoji":{"name":"babat_flag","category":"Custom","aliases":[]}}]}