{"metaVersion":1,"host":"https://git.joinfirefish.org/firefish/emoji-gen","exportedAt":"2024-03-19T13:55:41.893010469-05:00","emojis":[{"downloaded":true,"fileName":"ms_bugbear.png","emoji":{"name":"ms_bugbear","category":"Mutant Standard - Creatures & Fantasy","aliases":[]}},{"downloaded":true,"fileName":"ms_dark_elf.png","emoji":{"name":"ms_dark_elf","category":"Mutant Standard - Creatures & Fantasy","aliases":[]}},{"downloaded":true,"fileName":"ms_demon.png","emoji":{"name":"ms_demon","category":"Mutant Standard - Creatures & Fantasy","aliases":[]}},{"downloaded":true,"fileName":"ms_eastern_dragon.png","emoji":{"name":"ms_eastern_dragon","category":"Mutant Standard - Creatures & Fantasy","aliases":[]}},{"downloaded":true,"fileName":"ms_elf.png","emoji":{"name":"ms_elf","category":"Mutant Standard - Creatures & Fantasy","aliases":[]}},{"downloaded":true,"fileName":"ms_fish_person.png","emoji":{"name":"ms_fish_person","category":"Mutant Standard - Creatures & Fantasy","aliases":[]}},{"downloaded":true,"fileName":"ms_goblin.png","emoji":{"name":"ms_goblin","category":"Mutant Standard - Creatures & Fantasy","aliases":[]}},{"downloaded":true,"fileName":"ms_gryphon.png","emoji":{"name":"ms_gryphon","category":"Mutant Standard - Creatures & Fantasy","aliases":[]}},{"downloaded":true,"fileName":"ms_half_demon.png","emoji":{"name":"ms_half_demon","category":"Mutant Standard - Creatures & Fantasy","aliases":[]}},{"downloaded":true,"fileName":"ms_kobold.png","emoji":{"name":"ms_kobold","category":"Mutant Standard - Creatures & Fantasy","aliases":[]}},{"downloaded":true,"fileName":"ms_merperson.png","emoji":{"name":"ms_merperson","category":"Mutant Standard - Creatures & Fantasy","aliases":[]}},{"downloaded":true,"fileName":"ms_minotaur.png","emoji":{"name":"ms_minotaur","category":"Mutant Standard - Creatures & Fantasy","aliases":[]}},{"downloaded":true,"fileName":"ms_oni.png","emoji":{"name":"ms_oni","category":"Mutant Standard - Creatures & Fantasy","aliases":[]}},{"downloaded":true,"fileName":"ms_orc.png","emoji":{"name":"ms_orc","category":"Mutant Standard - Creatures & Fantasy","aliases":[]}},{"downloaded":true,"fileName":"ms_slime.png","emoji":{"name":"ms_slime","category":"Mutant Standard - Creatures & Fantasy","aliases":[]}},{"downloaded":true,"fileName":"ms_troll.png","emoji":{"name":"ms_troll","category":"Mutant Standard - Creatures & Fantasy","aliases":[]}},{"downloaded":true,"fileName":"ms_western_dragon.png","emoji":{"name":"ms_western_dragon","category":"Mutant Standard - Creatures & Fantasy","aliases":[]}}]}