{"metaVersion":1,"host":"https://git.joinfirefish.org/firefish/emoji-gen","exportedAt":"2024-03-08T17:16:14.073147641-05:00","emojis":[{"downloaded":true,"fileName":"neoremlit_silly.webp","emoji":{"name":"neoremlit_silly","category":"Custom","aliases":[]}},{"downloaded":true,"fileName":"neoremlit_look_silly.webp","emoji":{"name":"neoremlit_look_silly","category":"Custom","aliases":[]}},{"downloaded":true,"fileName":"neoremlit_look.webp","emoji":{"name":"neoremlit_look","category":"Custom","aliases":[]}},{"downloaded":true,"fileName":"neoremlit_evil.webp","emoji":{"name":"neoremlit_evil","category":"Custom","aliases":[]}},{"downloaded":true,"fileName":"neoremlit_evil_silly.webp","emoji":{"name":"neoremlit_evil_silly","category":"Custom","aliases":[]}},{"downloaded":true,"fileName":"neoremlit.webp","emoji":{"name":"neoremlit","category":"Custom","aliases":[]}}]}