{"metaVersion":1,"host":"https://git.joinfirefish.org/firefish/emoji-gen","exportedAt":"2024-03-19T11:53:10.572366958-05:00","emojis":[{"downloaded":true,"fileName":"mr_alien.png","emoji":{"name":"mr_alien","category":"Mutant Remix","aliases":[]}},{"downloaded":true,"fileName":"mr_angry.png","emoji":{"name":"mr_angry","category":"Mutant Remix","aliases":[]}},{"downloaded":true,"fileName":"mr_angry_steam.png","emoji":{"name":"mr_angry_steam","category":"Mutant Remix","aliases":[]}},{"downloaded":true,"fileName":"mr_asleep.png","emoji":{"name":"mr_asleep","category":"Mutant Remix","aliases":[]}},{"downloaded":true,"fileName":"mr_astonished.png","emoji":{"name":"mr_astonished","category":"Mutant Remix","aliases":[]}},{"downloaded":true,"fileName":"mr_bandaged.png","emoji":{"name":"mr_bandaged","category":"Mutant Remix","aliases":[]}},{"downloaded":true,"fileName":"mr_big_smile.png","emoji":{"name":"mr_big_smile","category":"Mutant Remix","aliases":[]}},{"downloaded":true,"fileName":"mr_blush_kiss.png","emoji":{"name":"mr_blush_kiss","category":"Mutant Remix","aliases":[]}},{"downloaded":true,"fileName":"mr_blushing.png","emoji":{"name":"mr_blushing","category":"Mutant Remix","aliases":[]}},{"downloaded":true,"fileName":"mr_clown.png","emoji":{"name":"mr_clown","category":"Mutant Remix","aliases":[]}},{"downloaded":true,"fileName":"mr_cold.png","emoji":{"name":"mr_cold","category":"Mutant Remix","aliases":[]}},{"downloaded":true,"fileName":"mr_cold_sweat.png","emoji":{"name":"mr_cold_sweat","category":"Mutant Remix","aliases":[]}},{"downloaded":true,"fileName":"mr_concern.png","emoji":{"name":"mr_concern","category":"Mutant Remix","aliases":[]}},{"downloaded":true,"fileName":"mr_confounded.png","emoji":{"name":"mr_confounded","category":"Mutant Remix","aliases":[]}},{"downloaded":true,"fileName":"mr_content.png","emoji":{"name":"mr_content","category":"Mutant Remix","aliases":[]}},{"downloaded":true,"fileName":"mr_cool_face.png","emoji":{"name":"mr_cool_face","category":"Mutant Remix","aliases":[]}},{"downloaded":true,"fileName":"mr_cowhand.png","emoji":{"name":"mr_cowhand","category":"Mutant Remix","aliases":[]}},{"downloaded":true,"fileName":"mr_crazy.png","emoji":{"name":"mr_crazy","category":"Mutant Remix","aliases":[]}},{"downloaded":true,"fileName":"mr_crying.png","emoji":{"name":"mr_crying","category":"Mutant Remix","aliases":[]}},{"downloaded":true,"fileName":"mr_dead.png","emoji":{"name":"mr_dead","category":"Mutant Remix","aliases":[]}},{"downloaded":true,"fileName":"mr_disappointed.png","emoji":{"name":"mr_disappointed","category":"Mutant Remix","aliases":[]}},{"downloaded":true,"fileName":"mr_disappointed_but_relieved.png","emoji":{"name":"mr_disappointed_but_relieved","category":"Mutant Remix","aliases":[]}},{"downloaded":true,"fileName":"mr_dizzy_face.png","emoji":{"name":"mr_dizzy_face","category":"Mutant Remix","aliases":[]}},{"downloaded":true,"fileName":"mr_drooling.png","emoji":{"name":"mr_drooling","category":"Mutant Remix","aliases":[]}},{"downloaded":true,"fileName":"mr_embarrassed.png","emoji":{"name":"mr_embarrassed","category":"Mutant Remix","aliases":[]}},{"downloaded":true,"fileName":"mr_exhausted.png","emoji":{"name":"mr_exhausted","category":"Mutant Remix","aliases":[]}},{"downloaded":true,"fileName":"mr_expressionless.png","emoji":{"name":"mr_expressionless","category":"Mutant Remix","aliases":[]}},{"downloaded":true,"fileName":"mr_face_without_mouth.png","emoji":{"name":"mr_face_without_mouth","category":"Mutant Remix","aliases":[]}},{"downloaded":true,"fileName":"mr_frown.png","emoji":{"name":"mr_frown","category":"Mutant Remix","aliases":[]}},{"downloaded":true,"fileName":"mr_grimace.png","emoji":{"name":"mr_grimace","category":"Mutant Remix","aliases":[]}},{"downloaded":true,"fileName":"mr_grin.png","emoji":{"name":"mr_grin","category":"Mutant Remix","aliases":[]}},{"downloaded":true,"fileName":"mr_grinning.png","emoji":{"name":"mr_grinning","category":"Mutant Remix","aliases":[]}},{"downloaded":true,"fileName":"mr_grumpy_block.png","emoji":{"name":"mr_grumpy_block","category":"Mutant Remix","aliases":[]}},{"downloaded":true,"fileName":"mr_halo.png","emoji":{"name":"mr_halo","category":"Mutant Remix","aliases":[]}},{"downloaded":true,"fileName":"mr_hand_over_mouth.png","emoji":{"name":"mr_hand_over_mouth","category":"Mutant Remix","aliases":[]}},{"downloaded":true,"fileName":"mr_happy.png","emoji":{"name":"mr_happy","category":"Mutant Remix","aliases":[]}},{"downloaded":true,"fileName":"mr_happy_kiss.png","emoji":{"name":"mr_happy_kiss","category":"Mutant Remix","aliases":[]}},{"downloaded":true,"fileName":"mr_headpats.png","emoji":{"name":"mr_headpats","category":"Mutant Remix","aliases":[]}},{"downloaded":true,"fileName":"mr_heart_eyes.png","emoji":{"name":"mr_heart_eyes","category":"Mutant Remix","aliases":[]}},{"downloaded":true,"fileName":"mr_hot.png","emoji":{"name":"mr_hot","category":"Mutant Remix","aliases":[]}},{"downloaded":true,"fileName":"mr_hot_shit.png","emoji":{"name":"mr_hot_shit","category":"Mutant Remix","aliases":[]}},{"downloaded":true,"fileName":"mr_hug.png","emoji":{"name":"mr_hug","category":"Mutant Remix","aliases":[]}},{"downloaded":true,"fileName":"mr_imp_angry.png","emoji":{"name":"mr_imp_angry","category":"Mutant Remix","aliases":[]}},{"downloaded":true,"fileName":"mr_imp_devious.png","emoji":{"name":"mr_imp_devious","category":"Mutant Remix","aliases":[]}},{"downloaded":true,"fileName":"mr_joy.png","emoji":{"name":"mr_joy","category":"Mutant Remix","aliases":[]}},{"downloaded":true,"fileName":"mr_kiss.png","emoji":{"name":"mr_kiss","category":"Mutant Remix","aliases":[]}},{"downloaded":true,"fileName":"mr_laughing.png","emoji":{"name":"mr_laughing","category":"Mutant Remix","aliases":[]}},{"downloaded":true,"fileName":"mr_loud_cry.png","emoji":{"name":"mr_loud_cry","category":"Mutant Remix","aliases":[]}},{"downloaded":true,"fileName":"mr_lying_face.png","emoji":{"name":"mr_lying_face","category":"Mutant Remix","aliases":[]}},{"downloaded":true,"fileName":"mr_medical_mask.png","emoji":{"name":"mr_medical_mask","category":"Mutant Remix","aliases":[]}},{"downloaded":true,"fileName":"mr_mild_panic.png","emoji":{"name":"mr_mild_panic","category":"Mutant Remix","aliases":[]}},{"downloaded":true,"fileName":"mr_mind_blown.png","emoji":{"name":"mr_mind_blown","category":"Mutant Remix","aliases":[]}},{"downloaded":true,"fileName":"mr_money_face.png","emoji":{"name":"mr_money_face","category":"Mutant Remix","aliases":[]}},{"downloaded":true,"fileName":"mr_monocle.png","emoji":{"name":"mr_monocle","category":"Mutant Remix","aliases":[]}},{"downloaded":true,"fileName":"mr_nauseous.png","emoji":{"name":"mr_nauseous","category":"Mutant Remix","aliases":[]}},{"downloaded":true,"fileName":"mr_nerd_face.png","emoji":{"name":"mr_nerd_face","category":"Mutant Remix","aliases":[]}},{"downloaded":true,"fileName":"mr_open_mouth.png","emoji":{"name":"mr_open_mouth","category":"Mutant Remix","aliases":[]}},{"downloaded":true,"fileName":"mr_party_face.png","emoji":{"name":"mr_party_face","category":"Mutant Remix","aliases":[]}},{"downloaded":true,"fileName":"mr_pensive.png","emoji":{"name":"mr_pensive","category":"Mutant Remix","aliases":[]}},{"downloaded":true,"fileName":"mr_persevering.png","emoji":{"name":"mr_persevering","category":"Mutant Remix","aliases":[]}},{"downloaded":true,"fileName":"mr_pleading.png","emoji":{"name":"mr_pleading","category":"Mutant Remix","aliases":[]}},{"downloaded":true,"fileName":"mr_raised_eyebrow.png","emoji":{"name":"mr_raised_eyebrow","category":"Mutant Remix","aliases":[]}},{"downloaded":true,"fileName":"mr_relaxed.png","emoji":{"name":"mr_relaxed","category":"Mutant Remix","aliases":[]}},{"downloaded":true,"fileName":"mr_rofl.png","emoji":{"name":"mr_rofl","category":"Mutant Remix","aliases":[]}},{"downloaded":true,"fileName":"mr_rolling_eyes.png","emoji":{"name":"mr_rolling_eyes","category":"Mutant Remix","aliases":[]}},{"downloaded":true,"fileName":"mr_scared.png","emoji":{"name":"mr_scared","category":"Mutant Remix","aliases":[]}},{"downloaded":true,"fileName":"mr_scream.png","emoji":{"name":"mr_scream","category":"Mutant Remix","aliases":[]}},{"downloaded":true,"fileName":"mr_shit.png","emoji":{"name":"mr_shit","category":"Mutant Remix","aliases":[]}},{"downloaded":true,"fileName":"mr_shocked.png","emoji":{"name":"mr_shocked","category":"Mutant Remix","aliases":[]}},{"downloaded":true,"fileName":"mr_shush.png","emoji":{"name":"mr_shush","category":"Mutant Remix","aliases":[]}},{"downloaded":true,"fileName":"mr_sick.png","emoji":{"name":"mr_sick","category":"Mutant Remix","aliases":[]}},{"downloaded":true,"fileName":"mr_sleepy.png","emoji":{"name":"mr_sleepy","category":"Mutant Remix","aliases":[]}},{"downloaded":true,"fileName":"mr_slight_frown.png","emoji":{"name":"mr_slight_frown","category":"Mutant Remix","aliases":[]}},{"downloaded":true,"fileName":"mr_smile.png","emoji":{"name":"mr_smile","category":"Mutant Remix","aliases":[]}},{"downloaded":true,"fileName":"mr_smile_hearts.png","emoji":{"name":"mr_smile_hearts","category":"Mutant Remix","aliases":[]}},{"downloaded":true,"fileName":"mr_smile_w_tear.png","emoji":{"name":"mr_smile_w_tear","category":"Mutant Remix","aliases":[]}},{"downloaded":true,"fileName":"mr_smirk.png","emoji":{"name":"mr_smirk","category":"Mutant Remix","aliases":[]}},{"downloaded":true,"fileName":"mr_sneezing.png","emoji":{"name":"mr_sneezing","category":"Mutant Remix","aliases":[]}},{"downloaded":true,"fileName":"mr_soft.png","emoji":{"name":"mr_soft","category":"Mutant Remix","aliases":[]}},{"downloaded":true,"fileName":"mr_starry_eyes.png","emoji":{"name":"mr_starry_eyes","category":"Mutant Remix","aliases":[]}},{"downloaded":true,"fileName":"mr_stick_out_tongue.png","emoji":{"name":"mr_stick_out_tongue","category":"Mutant Remix","aliases":[]}},{"downloaded":true,"fileName":"mr_straight_face.png","emoji":{"name":"mr_straight_face","category":"Mutant Remix","aliases":[]}},{"downloaded":true,"fileName":"mr_surprised.png","emoji":{"name":"mr_surprised","category":"Mutant Remix","aliases":[]}},{"downloaded":true,"fileName":"mr_swearing.png","emoji":{"name":"mr_swearing","category":"Mutant Remix","aliases":[]}},{"downloaded":true,"fileName":"mr_sweat.png","emoji":{"name":"mr_sweat","category":"Mutant Remix","aliases":[]}},{"downloaded":true,"fileName":"mr_sweat_smile.png","emoji":{"name":"mr_sweat_smile","category":"Mutant Remix","aliases":[]}},{"downloaded":true,"fileName":"mr_thinking.png","emoji":{"name":"mr_thinking","category":"Mutant Remix","aliases":[]}},{"downloaded":true,"fileName":"mr_unamused.png","emoji":{"name":"mr_unamused","category":"Mutant Remix","aliases":[]}},{"downloaded":true,"fileName":"mr_unhappy.png","emoji":{"name":"mr_unhappy","category":"Mutant Remix","aliases":[]}},{"downloaded":true,"fileName":"mr_unsure.png","emoji":{"name":"mr_unsure","category":"Mutant Remix","aliases":[]}},{"downloaded":true,"fileName":"mr_upside_down_smile.png","emoji":{"name":"mr_upside_down_smile","category":"Mutant Remix","aliases":[]}},{"downloaded":true,"fileName":"mr_very_angry.png","emoji":{"name":"mr_very_angry","category":"Mutant Remix","aliases":[]}},{"downloaded":true,"fileName":"mr_vomiting.png","emoji":{"name":"mr_vomiting","category":"Mutant Remix","aliases":[]}},{"downloaded":true,"fileName":"mr_weary.png","emoji":{"name":"mr_weary","category":"Mutant Remix","aliases":[]}},{"downloaded":true,"fileName":"mr_wink.png","emoji":{"name":"mr_wink","category":"Mutant Remix","aliases":[]}},{"downloaded":true,"fileName":"mr_wink_kiss.png","emoji":{"name":"mr_wink_kiss","category":"Mutant Remix","aliases":[]}},{"downloaded":true,"fileName":"mr_wink_tongue.png","emoji":{"name":"mr_wink_tongue","category":"Mutant Remix","aliases":[]}},{"downloaded":true,"fileName":"mr_woozy.png","emoji":{"name":"mr_woozy","category":"Mutant Remix","aliases":[]}},{"downloaded":true,"fileName":"mr_worried.png","emoji":{"name":"mr_worried","category":"Mutant Remix","aliases":[]}},{"downloaded":true,"fileName":"mr_xd_tongue.png","emoji":{"name":"mr_xd_tongue","category":"Mutant Remix","aliases":[]}},{"downloaded":true,"fileName":"mr_yawn.png","emoji":{"name":"mr_yawn","category":"Mutant Remix","aliases":[]}},{"downloaded":true,"fileName":"mr_yum.png","emoji":{"name":"mr_yum","category":"Mutant Remix","aliases":[]}},{"downloaded":true,"fileName":"mr_zippy_face.png","emoji":{"name":"mr_zippy_face","category":"Mutant Remix","aliases":[]}}]}