{"metaVersion":1,"host":"https://git.joinfirefish.org/firefish/emoji-gen","exportedAt":"2024-03-19T13:55:47.503265045-05:00","emojis":[{"downloaded":true,"fileName":"ms_0_char.png","emoji":{"name":"ms_0_char","category":"Mutant Standard - Utility","aliases":[]}},{"downloaded":true,"fileName":"ms_1_char.png","emoji":{"name":"ms_1_char","category":"Mutant Standard - Utility","aliases":[]}},{"downloaded":true,"fileName":"ms_2_char.png","emoji":{"name":"ms_2_char","category":"Mutant Standard - Utility","aliases":[]}},{"downloaded":true,"fileName":"ms_3_char.png","emoji":{"name":"ms_3_char","category":"Mutant Standard - Utility","aliases":[]}},{"downloaded":true,"fileName":"ms_4_char.png","emoji":{"name":"ms_4_char","category":"Mutant Standard - Utility","aliases":[]}},{"downloaded":true,"fileName":"ms_5_char.png","emoji":{"name":"ms_5_char","category":"Mutant Standard - Utility","aliases":[]}},{"downloaded":true,"fileName":"ms_6_char.png","emoji":{"name":"ms_6_char","category":"Mutant Standard - Utility","aliases":[]}},{"downloaded":true,"fileName":"ms_7_char.png","emoji":{"name":"ms_7_char","category":"Mutant Standard - Utility","aliases":[]}},{"downloaded":true,"fileName":"ms_8_char.png","emoji":{"name":"ms_8_char","category":"Mutant Standard - Utility","aliases":[]}},{"downloaded":true,"fileName":"ms_9_char.png","emoji":{"name":"ms_9_char","category":"Mutant Standard - Utility","aliases":[]}},{"downloaded":true,"fileName":"ms_asterisk_char.png","emoji":{"name":"ms_asterisk_char","category":"Mutant Standard - Utility","aliases":[]}},{"downloaded":true,"fileName":"ms_claw_hand_modifier.png","emoji":{"name":"ms_claw_hand_modifier","category":"Mutant Standard - Utility","aliases":[]}},{"downloaded":true,"fileName":"ms_color_modifier_b1.png","emoji":{"name":"ms_color_modifier_b1","category":"Mutant Standard - Utility","aliases":[]}},{"downloaded":true,"fileName":"ms_color_modifier_b2.png","emoji":{"name":"ms_color_modifier_b2","category":"Mutant Standard - Utility","aliases":[]}},{"downloaded":true,"fileName":"ms_color_modifier_b3.png","emoji":{"name":"ms_color_modifier_b3","category":"Mutant Standard - Utility","aliases":[]}},{"downloaded":true,"fileName":"ms_color_modifier_c1.png","emoji":{"name":"ms_color_modifier_c1","category":"Mutant Standard - Utility","aliases":[]}},{"downloaded":true,"fileName":"ms_color_modifier_c2.png","emoji":{"name":"ms_color_modifier_c2","category":"Mutant Standard - Utility","aliases":[]}},{"downloaded":true,"fileName":"ms_color_modifier_c3.png","emoji":{"name":"ms_color_modifier_c3","category":"Mutant Standard - Utility","aliases":[]}},{"downloaded":true,"fileName":"ms_color_modifier_d1.png","emoji":{"name":"ms_color_modifier_d1","category":"Mutant Standard - Utility","aliases":[]}},{"downloaded":true,"fileName":"ms_color_modifier_d2.png","emoji":{"name":"ms_color_modifier_d2","category":"Mutant Standard - Utility","aliases":[]}},{"downloaded":true,"fileName":"ms_color_modifier_d3.png","emoji":{"name":"ms_color_modifier_d3","category":"Mutant Standard - Utility","aliases":[]}},{"downloaded":true,"fileName":"ms_color_modifier_e1.png","emoji":{"name":"ms_color_modifier_e1","category":"Mutant Standard - Utility","aliases":[]}},{"downloaded":true,"fileName":"ms_color_modifier_e2.png","emoji":{"name":"ms_color_modifier_e2","category":"Mutant Standard - Utility","aliases":[]}},{"downloaded":true,"fileName":"ms_color_modifier_e3.png","emoji":{"name":"ms_color_modifier_e3","category":"Mutant Standard - Utility","aliases":[]}},{"downloaded":true,"fileName":"ms_color_modifier_g1.png","emoji":{"name":"ms_color_modifier_g1","category":"Mutant Standard - Utility","aliases":[]}},{"downloaded":true,"fileName":"ms_color_modifier_g2.png","emoji":{"name":"ms_color_modifier_g2","category":"Mutant Standard - Utility","aliases":[]}},{"downloaded":true,"fileName":"ms_color_modifier_g3.png","emoji":{"name":"ms_color_modifier_g3","category":"Mutant Standard - Utility","aliases":[]}},{"downloaded":true,"fileName":"ms_color_modifier_h1.png","emoji":{"name":"ms_color_modifier_h1","category":"Mutant Standard - Utility","aliases":[]}},{"downloaded":true,"fileName":"ms_color_modifier_h2.png","emoji":{"name":"ms_color_modifier_h2","category":"Mutant Standard - Utility","aliases":[]}},{"downloaded":true,"fileName":"ms_color_modifier_h3.png","emoji":{"name":"ms_color_modifier_h3","category":"Mutant Standard - Utility","aliases":[]}},{"downloaded":true,"fileName":"ms_color_modifier_h4.png","emoji":{"name":"ms_color_modifier_h4","category":"Mutant Standard - Utility","aliases":[]}},{"downloaded":true,"fileName":"ms_color_modifier_h5.png","emoji":{"name":"ms_color_modifier_h5","category":"Mutant Standard - Utility","aliases":[]}},{"downloaded":true,"fileName":"ms_color_modifier_k1.png","emoji":{"name":"ms_color_modifier_k1","category":"Mutant Standard - Utility","aliases":[]}},{"downloaded":true,"fileName":"ms_color_modifier_k2.png","emoji":{"name":"ms_color_modifier_k2","category":"Mutant Standard - Utility","aliases":[]}},{"downloaded":true,"fileName":"ms_color_modifier_k3.png","emoji":{"name":"ms_color_modifier_k3","category":"Mutant Standard - Utility","aliases":[]}},{"downloaded":true,"fileName":"ms_color_modifier_l1.png","emoji":{"name":"ms_color_modifier_l1","category":"Mutant Standard - Utility","aliases":[]}},{"downloaded":true,"fileName":"ms_color_modifier_l2.png","emoji":{"name":"ms_color_modifier_l2","category":"Mutant Standard - Utility","aliases":[]}},{"downloaded":true,"fileName":"ms_color_modifier_l3.png","emoji":{"name":"ms_color_modifier_l3","category":"Mutant Standard - Utility","aliases":[]}},{"downloaded":true,"fileName":"ms_color_modifier_m1.png","emoji":{"name":"ms_color_modifier_m1","category":"Mutant Standard - Utility","aliases":[]}},{"downloaded":true,"fileName":"ms_color_modifier_m2.png","emoji":{"name":"ms_color_modifier_m2","category":"Mutant Standard - Utility","aliases":[]}},{"downloaded":true,"fileName":"ms_color_modifier_m3.png","emoji":{"name":"ms_color_modifier_m3","category":"Mutant Standard - Utility","aliases":[]}},{"downloaded":true,"fileName":"ms_color_modifier_o1.png","emoji":{"name":"ms_color_modifier_o1","category":"Mutant Standard - Utility","aliases":[]}},{"downloaded":true,"fileName":"ms_color_modifier_o2.png","emoji":{"name":"ms_color_modifier_o2","category":"Mutant Standard - Utility","aliases":[]}},{"downloaded":true,"fileName":"ms_color_modifier_o3.png","emoji":{"name":"ms_color_modifier_o3","category":"Mutant Standard - Utility","aliases":[]}},{"downloaded":true,"fileName":"ms_color_modifier_p1.png","emoji":{"name":"ms_color_modifier_p1","category":"Mutant Standard - Utility","aliases":[]}},{"downloaded":true,"fileName":"ms_color_modifier_p2.png","emoji":{"name":"ms_color_modifier_p2","category":"Mutant Standard - Utility","aliases":[]}},{"downloaded":true,"fileName":"ms_color_modifier_p3.png","emoji":{"name":"ms_color_modifier_p3","category":"Mutant Standard - Utility","aliases":[]}},{"downloaded":true,"fileName":"ms_color_modifier_r1.png","emoji":{"name":"ms_color_modifier_r1","category":"Mutant Standard - Utility","aliases":[]}},{"downloaded":true,"fileName":"ms_color_modifier_r2.png","emoji":{"name":"ms_color_modifier_r2","category":"Mutant Standard - Utility","aliases":[]}},{"downloaded":true,"fileName":"ms_color_modifier_r3.png","emoji":{"name":"ms_color_modifier_r3","category":"Mutant Standard - Utility","aliases":[]}},{"downloaded":true,"fileName":"ms_color_modifier_s1.png","emoji":{"name":"ms_color_modifier_s1","category":"Mutant Standard - Utility","aliases":[]}},{"downloaded":true,"fileName":"ms_color_modifier_s2.png","emoji":{"name":"ms_color_modifier_s2","category":"Mutant Standard - Utility","aliases":[]}},{"downloaded":true,"fileName":"ms_color_modifier_s3.png","emoji":{"name":"ms_color_modifier_s3","category":"Mutant Standard - Utility","aliases":[]}},{"downloaded":true,"fileName":"ms_color_modifier_t1.png","emoji":{"name":"ms_color_modifier_t1","category":"Mutant Standard - Utility","aliases":[]}},{"downloaded":true,"fileName":"ms_color_modifier_t2.png","emoji":{"name":"ms_color_modifier_t2","category":"Mutant Standard - Utility","aliases":[]}},{"downloaded":true,"fileName":"ms_color_modifier_t3.png","emoji":{"name":"ms_color_modifier_t3","category":"Mutant Standard - Utility","aliases":[]}},{"downloaded":true,"fileName":"ms_color_modifier_v1.png","emoji":{"name":"ms_color_modifier_v1","category":"Mutant Standard - Utility","aliases":[]}},{"downloaded":true,"fileName":"ms_color_modifier_v2.png","emoji":{"name":"ms_color_modifier_v2","category":"Mutant Standard - Utility","aliases":[]}},{"downloaded":true,"fileName":"ms_color_modifier_v3.png","emoji":{"name":"ms_color_modifier_v3","category":"Mutant Standard - Utility","aliases":[]}},{"downloaded":true,"fileName":"ms_color_modifier_y1.png","emoji":{"name":"ms_color_modifier_y1","category":"Mutant Standard - Utility","aliases":[]}},{"downloaded":true,"fileName":"ms_color_modifier_y2.png","emoji":{"name":"ms_color_modifier_y2","category":"Mutant Standard - Utility","aliases":[]}},{"downloaded":true,"fileName":"ms_color_modifier_y3.png","emoji":{"name":"ms_color_modifier_y3","category":"Mutant Standard - Utility","aliases":[]}},{"downloaded":true,"fileName":"ms_enclosing_keycap.png","emoji":{"name":"ms_enclosing_keycap","category":"Mutant Standard - Utility","aliases":[]}},{"downloaded":true,"fileName":"ms_graduation_cap.png","emoji":{"name":"ms_graduation_cap","category":"Mutant Standard - Utility","aliases":[]}},{"downloaded":true,"fileName":"ms_hash_char.png","emoji":{"name":"ms_hash_char","category":"Mutant Standard - Utility","aliases":[]}},{"downloaded":true,"fileName":"ms_hoof_hand_modifier.png","emoji":{"name":"ms_hoof_hand_modifier","category":"Mutant Standard - Utility","aliases":[]}},{"downloaded":true,"fileName":"ms_paw_hand_modifier.png","emoji":{"name":"ms_paw_hand_modifier","category":"Mutant Standard - Utility","aliases":[]}},{"downloaded":true,"fileName":"ms_speech_bubble_left.png","emoji":{"name":"ms_speech_bubble_left","category":"Mutant Standard - Utility","aliases":[]}},{"downloaded":true,"fileName":"ms_undefined_character.png","emoji":{"name":"ms_undefined_character","category":"Mutant Standard - Utility","aliases":[]}}]}