{"metaVersion":1,"host":"https://git.joinfirefish.org/firefish/emoji-gen","exportedAt":"2024-03-19T13:55:47.374344480-05:00","emojis":[{"downloaded":true,"fileName":"ms_aerial_tramway.png","emoji":{"name":"ms_aerial_tramway","category":"Mutant Standard - Travel & Places","aliases":[]}},{"downloaded":true,"fileName":"ms_airplane.png","emoji":{"name":"ms_airplane","category":"Mutant Standard - Travel & Places","aliases":[]}},{"downloaded":true,"fileName":"ms_airplane_arrival.png","emoji":{"name":"ms_airplane_arrival","category":"Mutant Standard - Travel & Places","aliases":[]}},{"downloaded":true,"fileName":"ms_airplane_departure.png","emoji":{"name":"ms_airplane_departure","category":"Mutant Standard - Travel & Places","aliases":[]}},{"downloaded":true,"fileName":"ms_ambulance.png","emoji":{"name":"ms_ambulance","category":"Mutant Standard - Travel & Places","aliases":[]}},{"downloaded":true,"fileName":"ms_articulated_truck.png","emoji":{"name":"ms_articulated_truck","category":"Mutant Standard - Travel & Places","aliases":[]}},{"downloaded":true,"fileName":"ms_beach.png","emoji":{"name":"ms_beach","category":"Mutant Standard - Travel & Places","aliases":[]}},{"downloaded":true,"fileName":"ms_beach_umbrella.png","emoji":{"name":"ms_beach_umbrella","category":"Mutant Standard - Travel & Places","aliases":[]}},{"downloaded":true,"fileName":"ms_bridge_at_night.png","emoji":{"name":"ms_bridge_at_night","category":"Mutant Standard - Travel & Places","aliases":[]}},{"downloaded":true,"fileName":"ms_bullet_train.png","emoji":{"name":"ms_bullet_train","category":"Mutant Standard - Travel & Places","aliases":[]}},{"downloaded":true,"fileName":"ms_bus.png","emoji":{"name":"ms_bus","category":"Mutant Standard - Travel & Places","aliases":[]}},{"downloaded":true,"fileName":"ms_bus_stop.png","emoji":{"name":"ms_bus_stop","category":"Mutant Standard - Travel & Places","aliases":[]}},{"downloaded":true,"fileName":"ms_car.png","emoji":{"name":"ms_car","category":"Mutant Standard - Travel & Places","aliases":[]}},{"downloaded":true,"fileName":"ms_cityscape.png","emoji":{"name":"ms_cityscape","category":"Mutant Standard - Travel & Places","aliases":[]}},{"downloaded":true,"fileName":"ms_construction_sign.png","emoji":{"name":"ms_construction_sign","category":"Mutant Standard - Travel & Places","aliases":[]}},{"downloaded":true,"fileName":"ms_delivery_truck.png","emoji":{"name":"ms_delivery_truck","category":"Mutant Standard - Travel & Places","aliases":[]}},{"downloaded":true,"fileName":"ms_desert_island.png","emoji":{"name":"ms_desert_island","category":"Mutant Standard - Travel & Places","aliases":[]}},{"downloaded":true,"fileName":"ms_dusk_city.png","emoji":{"name":"ms_dusk_city","category":"Mutant Standard - Travel & Places","aliases":[]}},{"downloaded":true,"fileName":"ms_factory.png","emoji":{"name":"ms_factory","category":"Mutant Standard - Travel & Places","aliases":[]}},{"downloaded":true,"fileName":"ms_fire_engine.png","emoji":{"name":"ms_fire_engine","category":"Mutant Standard - Travel & Places","aliases":[]}},{"downloaded":true,"fileName":"ms_fireworks.png","emoji":{"name":"ms_fireworks","category":"Mutant Standard - Travel & Places","aliases":[]}},{"downloaded":true,"fileName":"ms_foggy.png","emoji":{"name":"ms_foggy","category":"Mutant Standard - Travel & Places","aliases":[]}},{"downloaded":true,"fileName":"ms_high_speed_train.png","emoji":{"name":"ms_high_speed_train","category":"Mutant Standard - Travel & Places","aliases":[]}},{"downloaded":true,"fileName":"ms_light_rail.png","emoji":{"name":"ms_light_rail","category":"Mutant Standard - Travel & Places","aliases":[]}},{"downloaded":true,"fileName":"ms_metro.png","emoji":{"name":"ms_metro","category":"Mutant Standard - Travel & Places","aliases":[]}},{"downloaded":true,"fileName":"ms_milky_way.png","emoji":{"name":"ms_milky_way","category":"Mutant Standard - Travel & Places","aliases":[]}},{"downloaded":true,"fileName":"ms_minibus.png","emoji":{"name":"ms_minibus","category":"Mutant Standard - Travel & Places","aliases":[]}},{"downloaded":true,"fileName":"ms_monorail.png","emoji":{"name":"ms_monorail","category":"Mutant Standard - Travel & Places","aliases":[]}},{"downloaded":true,"fileName":"ms_moon_viewing_ceremony.png","emoji":{"name":"ms_moon_viewing_ceremony","category":"Mutant Standard - Travel & Places","aliases":[]}},{"downloaded":true,"fileName":"ms_mount_fuji.png","emoji":{"name":"ms_mount_fuji","category":"Mutant Standard - Travel & Places","aliases":[]}},{"downloaded":true,"fileName":"ms_mountain.png","emoji":{"name":"ms_mountain","category":"Mutant Standard - Travel & Places","aliases":[]}},{"downloaded":true,"fileName":"ms_mountain_railway.png","emoji":{"name":"ms_mountain_railway","category":"Mutant Standard - Travel & Places","aliases":[]}},{"downloaded":true,"fileName":"ms_mountain_tramway.png","emoji":{"name":"ms_mountain_tramway","category":"Mutant Standard - Travel & Places","aliases":[]}},{"downloaded":true,"fileName":"ms_national_park.png","emoji":{"name":"ms_national_park","category":"Mutant Standard - Travel & Places","aliases":[]}},{"downloaded":true,"fileName":"ms_night_with_stars.png","emoji":{"name":"ms_night_with_stars","category":"Mutant Standard - Travel & Places","aliases":[]}},{"downloaded":true,"fileName":"ms_railway_car.png","emoji":{"name":"ms_railway_car","category":"Mutant Standard - Travel & Places","aliases":[]}},{"downloaded":true,"fileName":"ms_rocket.png","emoji":{"name":"ms_rocket","category":"Mutant Standard - Travel & Places","aliases":[]}},{"downloaded":true,"fileName":"ms_school.png","emoji":{"name":"ms_school","category":"Mutant Standard - Travel & Places","aliases":[]}},{"downloaded":true,"fileName":"ms_shinto_shrine.png","emoji":{"name":"ms_shinto_shrine","category":"Mutant Standard - Travel & Places","aliases":[]}},{"downloaded":true,"fileName":"ms_siren.png","emoji":{"name":"ms_siren","category":"Mutant Standard - Travel & Places","aliases":[]}},{"downloaded":true,"fileName":"ms_snowy_mountain.png","emoji":{"name":"ms_snowy_mountain","category":"Mutant Standard - Travel & Places","aliases":[]}},{"downloaded":true,"fileName":"ms_sparkler.png","emoji":{"name":"ms_sparkler","category":"Mutant Standard - Travel & Places","aliases":[]}},{"downloaded":true,"fileName":"ms_station.png","emoji":{"name":"ms_station","category":"Mutant Standard - Travel & Places","aliases":[]}},{"downloaded":true,"fileName":"ms_statue_of_liberty.png","emoji":{"name":"ms_statue_of_liberty","category":"Mutant Standard - Travel & Places","aliases":[]}},{"downloaded":true,"fileName":"ms_steam_train.png","emoji":{"name":"ms_steam_train","category":"Mutant Standard - Travel & Places","aliases":[]}},{"downloaded":true,"fileName":"ms_sunrise.png","emoji":{"name":"ms_sunrise","category":"Mutant Standard - Travel & Places","aliases":[]}},{"downloaded":true,"fileName":"ms_sunrise_over_mountains.png","emoji":{"name":"ms_sunrise_over_mountains","category":"Mutant Standard - Travel & Places","aliases":[]}},{"downloaded":true,"fileName":"ms_sunset_city.png","emoji":{"name":"ms_sunset_city","category":"Mutant Standard - Travel & Places","aliases":[]}},{"downloaded":true,"fileName":"ms_suspension_railway.png","emoji":{"name":"ms_suspension_railway","category":"Mutant Standard - Travel & Places","aliases":[]}},{"downloaded":true,"fileName":"ms_suv.png","emoji":{"name":"ms_suv","category":"Mutant Standard - Travel & Places","aliases":[]}},{"downloaded":true,"fileName":"ms_taxi.png","emoji":{"name":"ms_taxi","category":"Mutant Standard - Travel & Places","aliases":[]}},{"downloaded":true,"fileName":"ms_tokyo_tower.png","emoji":{"name":"ms_tokyo_tower","category":"Mutant Standard - Travel & Places","aliases":[]}},{"downloaded":true,"fileName":"ms_traffic_light_horizontal.png","emoji":{"name":"ms_traffic_light_horizontal","category":"Mutant Standard - Travel & Places","aliases":[]}},{"downloaded":true,"fileName":"ms_traffic_light_vertical.png","emoji":{"name":"ms_traffic_light_vertical","category":"Mutant Standard - Travel & Places","aliases":[]}},{"downloaded":true,"fileName":"ms_train.png","emoji":{"name":"ms_train","category":"Mutant Standard - Travel & Places","aliases":[]}},{"downloaded":true,"fileName":"ms_tram.png","emoji":{"name":"ms_tram","category":"Mutant Standard - Travel & Places","aliases":[]}},{"downloaded":true,"fileName":"ms_tram_car.png","emoji":{"name":"ms_tram_car","category":"Mutant Standard - Travel & Places","aliases":[]}},{"downloaded":true,"fileName":"ms_trolleybus.png","emoji":{"name":"ms_trolleybus","category":"Mutant Standard - Travel & Places","aliases":[]}},{"downloaded":true,"fileName":"ms_volcano.png","emoji":{"name":"ms_volcano","category":"Mutant Standard - Travel & Places","aliases":[]}},{"downloaded":true,"fileName":"ms_world_map.png","emoji":{"name":"ms_world_map","category":"Mutant Standard - Travel & Places","aliases":[]}}]}