{"metaVersion":1,"host":"https://git.joinfirefish.org/firefish/emoji-gen","exportedAt":"2024-03-08T17:33:44.364714057-05:00","emojis":[{"downloaded":true,"fileName":"v_ace.webp","emoji":{"name":"v_ace","category":"Custom","aliases":[]}},{"downloaded":true,"fileName":"v_agender.png","emoji":{"name":"v_agender","category":"Custom","aliases":[]}},{"downloaded":true,"fileName":"v_aroace.png","emoji":{"name":"v_aroace","category":"Custom","aliases":[]}},{"downloaded":true,"fileName":"v_bi.webp","emoji":{"name":"v_bi","category":"Custom","aliases":[]}},{"downloaded":true,"fileName":"v_cat.png","emoji":{"name":"v_cat","category":"Custom","aliases":[]}},{"downloaded":true,"fileName":"v_dboy.webp","emoji":{"name":"v_dboy","category":"Custom","aliases":[]}},{"downloaded":true,"fileName":"v_dgender.webp","emoji":{"name":"v_dgender","category":"Custom","aliases":[]}},{"downloaded":true,"fileName":"v_dgirl.webp","emoji":{"name":"v_dgirl","category":"Custom","aliases":[]}},{"downloaded":true,"fileName":"v_enby.png","emoji":{"name":"v_enby","category":"Custom","aliases":[]}},{"downloaded":true,"fileName":"v_gf.webp","emoji":{"name":"v_gf","category":"Custom","aliases":[]}},{"downloaded":true,"fileName":"v_gfluid.webp","emoji":{"name":"v_gfluid","category":"Custom","aliases":[]}},{"downloaded":true,"fileName":"v_gqueer.webp","emoji":{"name":"v_gqueer","category":"Custom","aliases":[]}},{"downloaded":true,"fileName":"v_mlm.png","emoji":{"name":"v_mlm","category":"Custom","aliases":[]}},{"downloaded":true,"fileName":"v_pan.webp","emoji":{"name":"v_pan","category":"Custom","aliases":[]}},{"downloaded":true,"fileName":"v_plural.png","emoji":{"name":"v_plural","category":"Custom","aliases":[]}},{"downloaded":true,"fileName":"v_polyam.png","emoji":{"name":"v_polyam","category":"Custom","aliases":[]}},{"downloaded":true,"fileName":"v_rainbow.webp","emoji":{"name":"v_rainbow","category":"Custom","aliases":[]}},{"downloaded":true,"fileName":"v_tfem.png","emoji":{"name":"v_tfem","category":"Custom","aliases":[]}},{"downloaded":true,"fileName":"v_tmasc.png","emoji":{"name":"v_tmasc","category":"Custom","aliases":[]}},{"downloaded":true,"fileName":"v_trans.png","emoji":{"name":"v_trans","category":"Custom","aliases":[]}},{"downloaded":true,"fileName":"v_wlw.webp","emoji":{"name":"v_wlw","category":"Custom","aliases":[]}},{"downloaded":true,"fileName":"verified.webp","emoji":{"name":"verified","category":"Custom","aliases":[]}},{"downloaded":true,"fileName":"unverified.png","emoji":{"name":"unverified","category":"Custom","aliases":[]}}]}