{"metaVersion":1,"host":"https://git.joinfirefish.org/firefish/emoji-gen","exportedAt":"2024-03-19T13:55:41.980350416-05:00","emojis":[{"downloaded":true,"fileName":"ms_arrow.png","emoji":{"name":"ms_arrow","category":"Mutant Standard - Extra","aliases":[]}},{"downloaded":true,"fileName":"ms_blue_potion.png","emoji":{"name":"ms_blue_potion","category":"Mutant Standard - Extra","aliases":[]}},{"downloaded":true,"fileName":"ms_bow_and_arrow.png","emoji":{"name":"ms_bow_and_arrow","category":"Mutant Standard - Extra","aliases":[]}},{"downloaded":true,"fileName":"ms_broadsword.png","emoji":{"name":"ms_broadsword","category":"Mutant Standard - Extra","aliases":[]}},{"downloaded":true,"fileName":"ms_crossbow.png","emoji":{"name":"ms_crossbow","category":"Mutant Standard - Extra","aliases":[]}},{"downloaded":true,"fileName":"ms_crt.png","emoji":{"name":"ms_crt","category":"Mutant Standard - Extra","aliases":[]}},{"downloaded":true,"fileName":"ms_crt_blue_screen.png","emoji":{"name":"ms_crt_blue_screen","category":"Mutant Standard - Extra","aliases":[]}},{"downloaded":true,"fileName":"ms_crt_green_lines.png","emoji":{"name":"ms_crt_green_lines","category":"Mutant Standard - Extra","aliases":[]}},{"downloaded":true,"fileName":"ms_crt_noise.png","emoji":{"name":"ms_crt_noise","category":"Mutant Standard - Extra","aliases":[]}},{"downloaded":true,"fileName":"ms_crt_prompt.png","emoji":{"name":"ms_crt_prompt","category":"Mutant Standard - Extra","aliases":[]}},{"downloaded":true,"fileName":"ms_crt_test_pattern.png","emoji":{"name":"ms_crt_test_pattern","category":"Mutant Standard - Extra","aliases":[]}},{"downloaded":true,"fileName":"ms_crystal_ball.png","emoji":{"name":"ms_crystal_ball","category":"Mutant Standard - Extra","aliases":[]}},{"downloaded":true,"fileName":"ms_european_battle_axe.png","emoji":{"name":"ms_european_battle_axe","category":"Mutant Standard - Extra","aliases":[]}},{"downloaded":true,"fileName":"ms_flail.png","emoji":{"name":"ms_flail","category":"Mutant Standard - Extra","aliases":[]}},{"downloaded":true,"fileName":"ms_glaive.png","emoji":{"name":"ms_glaive","category":"Mutant Standard - Extra","aliases":[]}},{"downloaded":true,"fileName":"ms_great_axe.png","emoji":{"name":"ms_great_axe","category":"Mutant Standard - Extra","aliases":[]}},{"downloaded":true,"fileName":"ms_green_potion.png","emoji":{"name":"ms_green_potion","category":"Mutant Standard - Extra","aliases":[]}},{"downloaded":true,"fileName":"ms_halberd.png","emoji":{"name":"ms_halberd","category":"Mutant Standard - Extra","aliases":[]}},{"downloaded":true,"fileName":"ms_hp.png","emoji":{"name":"ms_hp","category":"Mutant Standard - Extra","aliases":[]}},{"downloaded":true,"fileName":"ms_katana.png","emoji":{"name":"ms_katana","category":"Mutant Standard - Extra","aliases":[]}},{"downloaded":true,"fileName":"ms_mace.png","emoji":{"name":"ms_mace","category":"Mutant Standard - Extra","aliases":[]}},{"downloaded":true,"fileName":"ms_magic_wand.png","emoji":{"name":"ms_magic_wand","category":"Mutant Standard - Extra","aliases":[]}},{"downloaded":true,"fileName":"ms_mp.png","emoji":{"name":"ms_mp","category":"Mutant Standard - Extra","aliases":[]}},{"downloaded":true,"fileName":"ms_oil_lamp.png","emoji":{"name":"ms_oil_lamp","category":"Mutant Standard - Extra","aliases":[]}},{"downloaded":true,"fileName":"ms_pentacle.png","emoji":{"name":"ms_pentacle","category":"Mutant Standard - Extra","aliases":[]}},{"downloaded":true,"fileName":"ms_pink_potion.png","emoji":{"name":"ms_pink_potion","category":"Mutant Standard - Extra","aliases":[]}},{"downloaded":true,"fileName":"ms_pp.png","emoji":{"name":"ms_pp","category":"Mutant Standard - Extra","aliases":[]}},{"downloaded":true,"fileName":"ms_purple_potion.png","emoji":{"name":"ms_purple_potion","category":"Mutant Standard - Extra","aliases":[]}},{"downloaded":true,"fileName":"ms_rapier.png","emoji":{"name":"ms_rapier","category":"Mutant Standard - Extra","aliases":[]}},{"downloaded":true,"fileName":"ms_red_potion.png","emoji":{"name":"ms_red_potion","category":"Mutant Standard - Extra","aliases":[]}},{"downloaded":true,"fileName":"ms_rune_stones.png","emoji":{"name":"ms_rune_stones","category":"Mutant Standard - Extra","aliases":[]}},{"downloaded":true,"fileName":"ms_sabre.png","emoji":{"name":"ms_sabre","category":"Mutant Standard - Extra","aliases":[]}},{"downloaded":true,"fileName":"ms_shuriken.png","emoji":{"name":"ms_shuriken","category":"Mutant Standard - Extra","aliases":[]}},{"downloaded":true,"fileName":"ms_spellbook.png","emoji":{"name":"ms_spellbook","category":"Mutant Standard - Extra","aliases":[]}},{"downloaded":true,"fileName":"ms_tarot_cup.png","emoji":{"name":"ms_tarot_cup","category":"Mutant Standard - Extra","aliases":[]}},{"downloaded":true,"fileName":"ms_tarot_pentacle.png","emoji":{"name":"ms_tarot_pentacle","category":"Mutant Standard - Extra","aliases":[]}},{"downloaded":true,"fileName":"ms_tarot_sword.png","emoji":{"name":"ms_tarot_sword","category":"Mutant Standard - Extra","aliases":[]}},{"downloaded":true,"fileName":"ms_tarot_wand.png","emoji":{"name":"ms_tarot_wand","category":"Mutant Standard - Extra","aliases":[]}},{"downloaded":true,"fileName":"ms_tomahawk.png","emoji":{"name":"ms_tomahawk","category":"Mutant Standard - Extra","aliases":[]}},{"downloaded":true,"fileName":"ms_war_hammer.png","emoji":{"name":"ms_war_hammer","category":"Mutant Standard - Extra","aliases":[]}},{"downloaded":true,"fileName":"ms_xp.png","emoji":{"name":"ms_xp","category":"Mutant Standard - Extra","aliases":[]}},{"downloaded":true,"fileName":"ms_yellow_potion.png","emoji":{"name":"ms_yellow_potion","category":"Mutant Standard - Extra","aliases":[]}},{"downloaded":true,"fileName":"ms_zweihander.png","emoji":{"name":"ms_zweihander","category":"Mutant Standard - Extra","aliases":[]}}]}