{"metaVersion":1,"host":"https://git.joinfirefish.org/firefish/emoji-gen","exportedAt":"2024-03-08T11:04:06.979687207-06:00","emojis":[{"downloaded":true,"fileName":"s_mooning.gif","emoji":{"name":"s_mooning","category":"Skype","aliases":[]}},{"downloaded":true,"fileName":"s_blahblahblah.gif","emoji":{"name":"s_blahblahblah","category":"Skype","aliases":[]}},{"downloaded":true,"fileName":"s_sleeping.gif","emoji":{"name":"s_sleeping","category":"Skype","aliases":[]}},{"downloaded":true,"fileName":"s_facepalm.png","emoji":{"name":"s_facepalm","category":"Skype","aliases":[]}},{"downloaded":true,"fileName":"s_angry.png","emoji":{"name":"s_angry","category":"Skype","aliases":[]}},{"downloaded":true,"fileName":"s_skull.png","emoji":{"name":"s_skull","category":"Skype","aliases":[]}},{"downloaded":true,"fileName":"s_hug.png","emoji":{"name":"s_hug","category":"Skype","aliases":[]}},{"downloaded":true,"fileName":"s_sun.gif","emoji":{"name":"s_sun","category":"Skype","aliases":[]}},{"downloaded":true,"fileName":"s_wasntme.gif","emoji":{"name":"s_wasntme","category":"Skype","aliases":[]}},{"downloaded":true,"fileName":"s_cake.gif","emoji":{"name":"s_cake","category":"Skype","aliases":[]}}]}