{"metaVersion":1,"host":"https://git.joinfirefish.org/firefish/emoji-gen","exportedAt":"2024-03-08T11:09:33.529176214-06:00","emojis":[{"downloaded":true,"fileName":"pointingrightcat.png","emoji":{"name":"pointingrightcat","category":"Black Cat","aliases":[]}},{"downloaded":true,"fileName":"beercat.png","emoji":{"name":"beercat","category":"Black Cat","aliases":[]}},{"downloaded":true,"fileName":"cameracat.png","emoji":{"name":"cameracat","category":"Black Cat","aliases":[]}},{"downloaded":true,"fileName":"rockoncat.png","emoji":{"name":"rockoncat","category":"Black Cat","aliases":[]}},{"downloaded":true,"fileName":"thumbsdowncat.png","emoji":{"name":"thumbsdowncat","category":"Black Cat","aliases":[]}},{"downloaded":true,"fileName":"raisefistcat.png","emoji":{"name":"raisefistcat","category":"Black Cat","aliases":[]}},{"downloaded":true,"fileName":"guitarcat.png","emoji":{"name":"guitarcat","category":"Black Cat","aliases":[]}},{"downloaded":true,"fileName":"wizardcat.png","emoji":{"name":"wizardcat","category":"Black Cat","aliases":[]}},{"downloaded":true,"fileName":"phonecat.png","emoji":{"name":"phonecat","category":"Black Cat","aliases":[]}},{"downloaded":true,"fileName":"middlefingercat.png","emoji":{"name":"middlefingercat","category":"Black Cat","aliases":[]}},{"downloaded":true,"fileName":"pointleftcat.png","emoji":{"name":"pointleftcat","category":"Black Cat","aliases":[]}},{"downloaded":true,"fileName":"pointingupcat.png","emoji":{"name":"pointingupcat","category":"Black Cat","aliases":[]}},{"downloaded":true,"fileName":"hardworkercat.png","emoji":{"name":"hardworkercat","category":"Black Cat","aliases":[]}},{"downloaded":true,"fileName":"callmecat.png","emoji":{"name":"callmecat","category":"Black Cat","aliases":[]}},{"downloaded":true,"fileName":"brofistcat.png","emoji":{"name":"brofistcat","category":"Black Cat","aliases":[]}},{"downloaded":true,"fileName":"gamercat.png","emoji":{"name":"gamercat","category":"Black Cat","aliases":[]}},{"downloaded":true,"fileName":"praycat.png","emoji":{"name":"praycat","category":"Black Cat","aliases":[]}},{"downloaded":true,"fileName":"thumbsupcat.png","emoji":{"name":"thumbsupcat","category":"Black Cat","aliases":[]}},{"downloaded":true,"fileName":"guncat.png","emoji":{"name":"guncat","category":"Black Cat","aliases":[]}},{"downloaded":true,"fileName":"knifecat.png","emoji":{"name":"knifecat","category":"Black Cat","aliases":[]}},{"downloaded":true,"fileName":"swordcat.png","emoji":{"name":"swordcat","category":"Black Cat","aliases":[]}},{"downloaded":true,"fileName":"musclecat.png","emoji":{"name":"musclecat","category":"Black Cat","aliases":[]}},{"downloaded":true,"fileName":"magnifyingglasscat.png","emoji":{"name":"magnifyingglasscat","category":"Black Cat","aliases":[]}},{"downloaded":true,"fileName":"openhandscat.png","emoji":{"name":"openhandscat","category":"Black Cat","aliases":[]}}]}