{"metaVersion":1,"host":"https://git.joinfirefish.org/firefish/emoji-gen","exportedAt":"2024-03-19T13:55:42.545859548-05:00","emojis":[{"downloaded":true,"fileName":"ms_arcade_stick.png","emoji":{"name":"ms_arcade_stick","category":"Mutant Standard - Objects","aliases":[]}},{"downloaded":true,"fileName":"ms_artist_palette.png","emoji":{"name":"ms_artist_palette","category":"Mutant Standard - Objects","aliases":[]}},{"downloaded":true,"fileName":"ms_balloon.png","emoji":{"name":"ms_balloon","category":"Mutant Standard - Objects","aliases":[]}},{"downloaded":true,"fileName":"ms_bar_chart.png","emoji":{"name":"ms_bar_chart","category":"Mutant Standard - Objects","aliases":[]}},{"downloaded":true,"fileName":"ms_bath.png","emoji":{"name":"ms_bath","category":"Mutant Standard - Objects","aliases":[]}},{"downloaded":true,"fileName":"ms_bath_with_person.png","emoji":{"name":"ms_bath_with_person","category":"Mutant Standard - Objects","aliases":[]}},{"downloaded":true,"fileName":"ms_battery.png","emoji":{"name":"ms_battery","category":"Mutant Standard - Objects","aliases":[]}},{"downloaded":true,"fileName":"ms_blue_book.png","emoji":{"name":"ms_blue_book","category":"Mutant Standard - Objects","aliases":[]}},{"downloaded":true,"fileName":"ms_bomb.png","emoji":{"name":"ms_bomb","category":"Mutant Standard - Objects","aliases":[]}},{"downloaded":true,"fileName":"ms_bone.png","emoji":{"name":"ms_bone","category":"Mutant Standard - Objects","aliases":[]}},{"downloaded":true,"fileName":"ms_bookmark.png","emoji":{"name":"ms_bookmark","category":"Mutant Standard - Objects","aliases":[]}},{"downloaded":true,"fileName":"ms_brick.png","emoji":{"name":"ms_brick","category":"Mutant Standard - Objects","aliases":[]}},{"downloaded":true,"fileName":"ms_briefcase.png","emoji":{"name":"ms_briefcase","category":"Mutant Standard - Objects","aliases":[]}},{"downloaded":true,"fileName":"ms_calendar.png","emoji":{"name":"ms_calendar","category":"Mutant Standard - Objects","aliases":[]}},{"downloaded":true,"fileName":"ms_calendar_spiral.png","emoji":{"name":"ms_calendar_spiral","category":"Mutant Standard - Objects","aliases":[]}},{"downloaded":true,"fileName":"ms_camcorder.png","emoji":{"name":"ms_camcorder","category":"Mutant Standard - Objects","aliases":[]}},{"downloaded":true,"fileName":"ms_camera.png","emoji":{"name":"ms_camera","category":"Mutant Standard - Objects","aliases":[]}},{"downloaded":true,"fileName":"ms_camera_with_flash.png","emoji":{"name":"ms_camera_with_flash","category":"Mutant Standard - Objects","aliases":[]}},{"downloaded":true,"fileName":"ms_candle.png","emoji":{"name":"ms_candle","category":"Mutant Standard - Objects","aliases":[]}},{"downloaded":true,"fileName":"ms_capsule.png","emoji":{"name":"ms_capsule","category":"Mutant Standard - Objects","aliases":[]}},{"downloaded":true,"fileName":"ms_cassette.png","emoji":{"name":"ms_cassette","category":"Mutant Standard - Objects","aliases":[]}},{"downloaded":true,"fileName":"ms_cd.png","emoji":{"name":"ms_cd","category":"Mutant Standard - Objects","aliases":[]}},{"downloaded":true,"fileName":"ms_closed_mailbox.png","emoji":{"name":"ms_closed_mailbox","category":"Mutant Standard - Objects","aliases":[]}},{"downloaded":true,"fileName":"ms_closed_mailbox_with_no_mail.png","emoji":{"name":"ms_closed_mailbox_with_no_mail","category":"Mutant Standard - Objects","aliases":[]}},{"downloaded":true,"fileName":"ms_coffin.png","emoji":{"name":"ms_coffin","category":"Mutant Standard - Objects","aliases":[]}},{"downloaded":true,"fileName":"ms_computer.png","emoji":{"name":"ms_computer","category":"Mutant Standard - Objects","aliases":[]}},{"downloaded":true,"fileName":"ms_computer_mouse.png","emoji":{"name":"ms_computer_mouse","category":"Mutant Standard - Objects","aliases":[]}},{"downloaded":true,"fileName":"ms_confetti_ball.png","emoji":{"name":"ms_confetti_ball","category":"Mutant Standard - Objects","aliases":[]}},{"downloaded":true,"fileName":"ms_control_knobs.png","emoji":{"name":"ms_control_knobs","category":"Mutant Standard - Objects","aliases":[]}},{"downloaded":true,"fileName":"ms_credit_card.png","emoji":{"name":"ms_credit_card","category":"Mutant Standard - Objects","aliases":[]}},{"downloaded":true,"fileName":"ms_curled_page.png","emoji":{"name":"ms_curled_page","category":"Mutant Standard - Objects","aliases":[]}},{"downloaded":true,"fileName":"ms_d10.png","emoji":{"name":"ms_d10","category":"Mutant Standard - Objects","aliases":[]}},{"downloaded":true,"fileName":"ms_d12.png","emoji":{"name":"ms_d12","category":"Mutant Standard - Objects","aliases":[]}},{"downloaded":true,"fileName":"ms_d20.png","emoji":{"name":"ms_d20","category":"Mutant Standard - Objects","aliases":[]}},{"downloaded":true,"fileName":"ms_d4.png","emoji":{"name":"ms_d4","category":"Mutant Standard - Objects","aliases":[]}},{"downloaded":true,"fileName":"ms_d6.png","emoji":{"name":"ms_d6","category":"Mutant Standard - Objects","aliases":[]}},{"downloaded":true,"fileName":"ms_d8.png","emoji":{"name":"ms_d8","category":"Mutant Standard - Objects","aliases":[]}},{"downloaded":true,"fileName":"ms_date.png","emoji":{"name":"ms_date","category":"Mutant Standard - Objects","aliases":[]}},{"downloaded":true,"fileName":"ms_decreasing_graph.png","emoji":{"name":"ms_decreasing_graph","category":"Mutant Standard - Objects","aliases":[]}},{"downloaded":true,"fileName":"ms_dvd.png","emoji":{"name":"ms_dvd","category":"Mutant Standard - Objects","aliases":[]}},{"downloaded":true,"fileName":"ms_email.png","emoji":{"name":"ms_email","category":"Mutant Standard - Objects","aliases":[]}},{"downloaded":true,"fileName":"ms_envelope.png","emoji":{"name":"ms_envelope","category":"Mutant Standard - Objects","aliases":[]}},{"downloaded":true,"fileName":"ms_envelope_with_arrow.png","emoji":{"name":"ms_envelope_with_arrow","category":"Mutant Standard - Objects","aliases":[]}},{"downloaded":true,"fileName":"ms_fax_machine.png","emoji":{"name":"ms_fax_machine","category":"Mutant Standard - Objects","aliases":[]}},{"downloaded":true,"fileName":"ms_film_frames.png","emoji":{"name":"ms_film_frames","category":"Mutant Standard - Objects","aliases":[]}},{"downloaded":true,"fileName":"ms_firecracker.png","emoji":{"name":"ms_firecracker","category":"Mutant Standard - Objects","aliases":[]}},{"downloaded":true,"fileName":"ms_floppy_disk.png","emoji":{"name":"ms_floppy_disk","category":"Mutant Standard - Objects","aliases":[]}},{"downloaded":true,"fileName":"ms_folder.png","emoji":{"name":"ms_folder","category":"Mutant Standard - Objects","aliases":[]}},{"downloaded":true,"fileName":"ms_gamepad.png","emoji":{"name":"ms_gamepad","category":"Mutant Standard - Objects","aliases":[]}},{"downloaded":true,"fileName":"ms_glowstick.png","emoji":{"name":"ms_glowstick","category":"Mutant Standard - Objects","aliases":[]}},{"downloaded":true,"fileName":"ms_green_book.png","emoji":{"name":"ms_green_book","category":"Mutant Standard - Objects","aliases":[]}},{"downloaded":true,"fileName":"ms_green_money.png","emoji":{"name":"ms_green_money","category":"Mutant Standard - Objects","aliases":[]}},{"downloaded":true,"fileName":"ms_hanafuda_card.png","emoji":{"name":"ms_hanafuda_card","category":"Mutant Standard - Objects","aliases":[]}},{"downloaded":true,"fileName":"ms_hole.png","emoji":{"name":"ms_hole","category":"Mutant Standard - Objects","aliases":[]}},{"downloaded":true,"fileName":"ms_inbox.png","emoji":{"name":"ms_inbox","category":"Mutant Standard - Objects","aliases":[]}},{"downloaded":true,"fileName":"ms_incoming_envelope.png","emoji":{"name":"ms_incoming_envelope","category":"Mutant Standard - Objects","aliases":[]}},{"downloaded":true,"fileName":"ms_increasing_graph.png","emoji":{"name":"ms_increasing_graph","category":"Mutant Standard - Objects","aliases":[]}},{"downloaded":true,"fileName":"ms_joystick.png","emoji":{"name":"ms_joystick","category":"Mutant Standard - Objects","aliases":[]}},{"downloaded":true,"fileName":"ms_keyboard.png","emoji":{"name":"ms_keyboard","category":"Mutant Standard - Objects","aliases":[]}},{"downloaded":true,"fileName":"ms_landline_phone.png","emoji":{"name":"ms_landline_phone","category":"Mutant Standard - Objects","aliases":[]}},{"downloaded":true,"fileName":"ms_laptop.png","emoji":{"name":"ms_laptop","category":"Mutant Standard - Objects","aliases":[]}},{"downloaded":true,"fileName":"ms_level_slider.png","emoji":{"name":"ms_level_slider","category":"Mutant Standard - Objects","aliases":[]}},{"downloaded":true,"fileName":"ms_light_bulb.png","emoji":{"name":"ms_light_bulb","category":"Mutant Standard - Objects","aliases":[]}},{"downloaded":true,"fileName":"ms_love_letter.png","emoji":{"name":"ms_love_letter","category":"Mutant Standard - Objects","aliases":[]}},{"downloaded":true,"fileName":"ms_lp.png","emoji":{"name":"ms_lp","category":"Mutant Standard - Objects","aliases":[]}},{"downloaded":true,"fileName":"ms_magnifying_glass_left.png","emoji":{"name":"ms_magnifying_glass_left","category":"Mutant Standard - Objects","aliases":[]}},{"downloaded":true,"fileName":"ms_magnifying_glass_right.png","emoji":{"name":"ms_magnifying_glass_right","category":"Mutant Standard - Objects","aliases":[]}},{"downloaded":true,"fileName":"ms_mailbox.png","emoji":{"name":"ms_mailbox","category":"Mutant Standard - Objects","aliases":[]}},{"downloaded":true,"fileName":"ms_mailbox_with_no_mail.png","emoji":{"name":"ms_mailbox_with_no_mail","category":"Mutant Standard - Objects","aliases":[]}},{"downloaded":true,"fileName":"ms_microphone.png","emoji":{"name":"ms_microphone","category":"Mutant Standard - Objects","aliases":[]}},{"downloaded":true,"fileName":"ms_microscope.png","emoji":{"name":"ms_microscope","category":"Mutant Standard - Objects","aliases":[]}},{"downloaded":true,"fileName":"ms_minidisc.png","emoji":{"name":"ms_minidisc","category":"Mutant Standard - Objects","aliases":[]}},{"downloaded":true,"fileName":"ms_moneybag.png","emoji":{"name":"ms_moneybag","category":"Mutant Standard - Objects","aliases":[]}},{"downloaded":true,"fileName":"ms_movie_camera.png","emoji":{"name":"ms_movie_camera","category":"Mutant Standard - Objects","aliases":[]}},{"downloaded":true,"fileName":"ms_open_folder.png","emoji":{"name":"ms_open_folder","category":"Mutant Standard - Objects","aliases":[]}},{"downloaded":true,"fileName":"ms_outbox.png","emoji":{"name":"ms_outbox","category":"Mutant Standard - Objects","aliases":[]}},{"downloaded":true,"fileName":"ms_package.png","emoji":{"name":"ms_package","category":"Mutant Standard - Objects","aliases":[]}},{"downloaded":true,"fileName":"ms_page.png","emoji":{"name":"ms_page","category":"Mutant Standard - Objects","aliases":[]}},{"downloaded":true,"fileName":"ms_page_with_pencil.png","emoji":{"name":"ms_page_with_pencil","category":"Mutant Standard - Objects","aliases":[]}},{"downloaded":true,"fileName":"ms_pager.png","emoji":{"name":"ms_pager","category":"Mutant Standard - Objects","aliases":[]}},{"downloaded":true,"fileName":"ms_paperclip.png","emoji":{"name":"ms_paperclip","category":"Mutant Standard - Objects","aliases":[]}},{"downloaded":true,"fileName":"ms_pen.png","emoji":{"name":"ms_pen","category":"Mutant Standard - Objects","aliases":[]}},{"downloaded":true,"fileName":"ms_pencil.png","emoji":{"name":"ms_pencil","category":"Mutant Standard - Objects","aliases":[]}},{"downloaded":true,"fileName":"ms_phone.png","emoji":{"name":"ms_phone","category":"Mutant Standard - Objects","aliases":[]}},{"downloaded":true,"fileName":"ms_phone_off.png","emoji":{"name":"ms_phone_off","category":"Mutant Standard - Objects","aliases":[]}},{"downloaded":true,"fileName":"ms_phone_receiver.png","emoji":{"name":"ms_phone_receiver","category":"Mutant Standard - Objects","aliases":[]}},{"downloaded":true,"fileName":"ms_phone_vibrate.png","emoji":{"name":"ms_phone_vibrate","category":"Mutant Standard - Objects","aliases":[]}},{"downloaded":true,"fileName":"ms_phone_with_arrow.png","emoji":{"name":"ms_phone_with_arrow","category":"Mutant Standard - Objects","aliases":[]}},{"downloaded":true,"fileName":"ms_pink_money.png","emoji":{"name":"ms_pink_money","category":"Mutant Standard - Objects","aliases":[]}},{"downloaded":true,"fileName":"ms_printer.png","emoji":{"name":"ms_printer","category":"Mutant Standard - Objects","aliases":[]}},{"downloaded":true,"fileName":"ms_projector.png","emoji":{"name":"ms_projector","category":"Mutant Standard - Objects","aliases":[]}},{"downloaded":true,"fileName":"ms_purple_money.png","emoji":{"name":"ms_purple_money","category":"Mutant Standard - Objects","aliases":[]}},{"downloaded":true,"fileName":"ms_radio.png","emoji":{"name":"ms_radio","category":"Mutant Standard - Objects","aliases":[]}},{"downloaded":true,"fileName":"ms_red_book.png","emoji":{"name":"ms_red_book","category":"Mutant Standard - Objects","aliases":[]}},{"downloaded":true,"fileName":"ms_scales.png","emoji":{"name":"ms_scales","category":"Mutant Standard - Objects","aliases":[]}},{"downloaded":true,"fileName":"ms_soap.png","emoji":{"name":"ms_soap","category":"Mutant Standard - Objects","aliases":[]}},{"downloaded":true,"fileName":"ms_speaker.png","emoji":{"name":"ms_speaker","category":"Mutant Standard - Objects","aliases":[]}},{"downloaded":true,"fileName":"ms_spiral_notebook.png","emoji":{"name":"ms_spiral_notebook","category":"Mutant Standard - Objects","aliases":[]}},{"downloaded":true,"fileName":"ms_stylus.png","emoji":{"name":"ms_stylus","category":"Mutant Standard - Objects","aliases":[]}},{"downloaded":true,"fileName":"ms_tada.png","emoji":{"name":"ms_tada","category":"Mutant Standard - Objects","aliases":[]}},{"downloaded":true,"fileName":"ms_toilet_paper.png","emoji":{"name":"ms_toilet_paper","category":"Mutant Standard - Objects","aliases":[]}},{"downloaded":true,"fileName":"ms_trackball.png","emoji":{"name":"ms_trackball","category":"Mutant Standard - Objects","aliases":[]}},{"downloaded":true,"fileName":"ms_triangle_ruler.png","emoji":{"name":"ms_triangle_ruler","category":"Mutant Standard - Objects","aliases":[]}},{"downloaded":true,"fileName":"ms_tv.png","emoji":{"name":"ms_tv","category":"Mutant Standard - Objects","aliases":[]}},{"downloaded":true,"fileName":"ms_vhs.png","emoji":{"name":"ms_vhs","category":"Mutant Standard - Objects","aliases":[]}},{"downloaded":true,"fileName":"ms_vr_headset.png","emoji":{"name":"ms_vr_headset","category":"Mutant Standard - Objects","aliases":[]}},{"downloaded":true,"fileName":"ms_watch.png","emoji":{"name":"ms_watch","category":"Mutant Standard - Objects","aliases":[]}},{"downloaded":true,"fileName":"ms_wrench.png","emoji":{"name":"ms_wrench","category":"Mutant Standard - Objects","aliases":[]}},{"downloaded":true,"fileName":"ms_yellow_book.png","emoji":{"name":"ms_yellow_book","category":"Mutant Standard - Objects","aliases":[]}},{"downloaded":true,"fileName":"ms_yellow_money.png","emoji":{"name":"ms_yellow_money","category":"Mutant Standard - Objects","aliases":[]}}]}