{"metaVersion":1,"host":"https://git.joinfirefish.org/firefish/emoji-gen","exportedAt":"2024-03-08T17:34:58.673989490-05:00","emojis":[{"downloaded":true,"fileName":"aj_angerey.png","emoji":{"name":"aj_angerey","category":"Custom","aliases":[]}},{"downloaded":true,"fileName":"aj_angry.png","emoji":{"name":"aj_angry","category":"Custom","aliases":[]}},{"downloaded":true,"fileName":"aj_blush.png","emoji":{"name":"aj_blush","category":"Custom","aliases":[]}},{"downloaded":true,"fileName":"aj_burger.png","emoji":{"name":"aj_burger","category":"Custom","aliases":[]}},{"downloaded":true,"fileName":"aj_confuse.png","emoji":{"name":"aj_confuse","category":"Custom","aliases":[]}},{"downloaded":true,"fileName":"aj_confused.png","emoji":{"name":"aj_confused","category":"Custom","aliases":[]}},{"downloaded":true,"fileName":"aj_cool.png","emoji":{"name":"aj_cool","category":"Custom","aliases":[]}},{"downloaded":true,"fileName":"aj_cri.png","emoji":{"name":"aj_cri","category":"Custom","aliases":[]}},{"downloaded":true,"fileName":"aj_demon.png","emoji":{"name":"aj_demon","category":"Custom","aliases":[]}},{"downloaded":true,"fileName":"aj_depress.png","emoji":{"name":"aj_depress","category":"Custom","aliases":[]}},{"downloaded":true,"fileName":"aj_fever.png","emoji":{"name":"aj_fever","category":"Custom","aliases":[]}},{"downloaded":true,"fileName":"aj_fight.png","emoji":{"name":"aj_fight","category":"Custom","aliases":[]}},{"downloaded":true,"fileName":"aj_fighting.png","emoji":{"name":"aj_fighting","category":"Custom","aliases":[]}},{"downloaded":true,"fileName":"aj_game.png","emoji":{"name":"aj_game","category":"Custom","aliases":[]}},{"downloaded":true,"fileName":"aj_gasp.png","emoji":{"name":"aj_gasp","category":"Custom","aliases":[]}},{"downloaded":true,"fileName":"aj_gross.webp","emoji":{"name":"aj_gross","category":"Custom","aliases":[]}},{"downloaded":true,"fileName":"aj_hearteyes.png","emoji":{"name":"aj_hearteyes","category":"Custom","aliases":[]}},{"downloaded":true,"fileName":"aj_hearts.png","emoji":{"name":"aj_hearts","category":"Custom","aliases":[]}},{"downloaded":true,"fileName":"aj_icecream.png","emoji":{"name":"aj_icecream","category":"Custom","aliases":[]}},{"downloaded":true,"fileName":"aj_laugh.png","emoji":{"name":"aj_laugh","category":"Custom","aliases":[]}},{"downloaded":true,"fileName":"aj_laughing.png","emoji":{"name":"aj_laughing","category":"Custom","aliases":[]}},{"downloaded":true,"fileName":"aj_ouch.png","emoji":{"name":"aj_ouch","category":"Custom","aliases":[]}},{"downloaded":true,"fileName":"aj_peace.png","emoji":{"name":"aj_peace","category":"Custom","aliases":[]}},{"downloaded":true,"fileName":"aj_phantom.png","emoji":{"name":"aj_phantom","category":"Custom","aliases":[]}},{"downloaded":true,"fileName":"aj_point.png","emoji":{"name":"aj_point","category":"Custom","aliases":[]}},{"downloaded":true,"fileName":"aj_sadness.png","emoji":{"name":"aj_sadness","category":"Custom","aliases":[]}},{"downloaded":true,"fileName":"aj_silly.png","emoji":{"name":"aj_silly","category":"Custom","aliases":[]}},{"downloaded":true,"fileName":"aj_sleep.png","emoji":{"name":"aj_sleep","category":"Custom","aliases":[]}},{"downloaded":true,"fileName":"aj_sleepy.png","emoji":{"name":"aj_sleepy","category":"Custom","aliases":[]}},{"downloaded":true,"fileName":"aj_smile.png","emoji":{"name":"aj_smile","category":"Custom","aliases":[]}},{"downloaded":true,"fileName":"aj_sneak.png","emoji":{"name":"aj_sneak","category":"Custom","aliases":[]}},{"downloaded":true,"fileName":"aj_star.png","emoji":{"name":"aj_star","category":"Custom","aliases":[]}},{"downloaded":true,"fileName":"aj_think.png","emoji":{"name":"aj_think","category":"Custom","aliases":[]}},{"downloaded":true,"fileName":"aj_vampire.png","emoji":{"name":"aj_vampire","category":"Custom","aliases":[]}}]}