{"metaVersion":1,"host":"https://git.joinfirefish.org/firefish/emoji-gen","exportedAt":"2024-03-08T11:56:25.669212264-06:00","emojis":[{"downloaded":true,"fileName":"cat_bite.gif","emoji":{"name":"cat_bite","category":"Cats","aliases":[]}},{"downloaded":true,"fileName":"cat_boop.gif","emoji":{"name":"cat_boop","category":"Cats","aliases":[]}},{"downloaded":true,"fileName":"cat_clown.png","emoji":{"name":"cat_clown","category":"Cats","aliases":[]}},{"downloaded":true,"fileName":"cat_meow.gif","emoji":{"name":"cat_meow","category":"Cats","aliases":[]}},{"downloaded":true,"fileName":"cat_no.gif","emoji":{"name":"cat_no","category":"Cats","aliases":[]}},{"downloaded":true,"fileName":"cat_stare.gif","emoji":{"name":"cat_stare","category":"Cats","aliases":[]}},{"downloaded":true,"fileName":"cat_wink.png","emoji":{"name":"cat_wink","category":"Cats","aliases":[]}},{"downloaded":true,"fileName":"cat_dance.gif","emoji":{"name":"cat_dance","category":"Cats","aliases":[]}},{"downloaded":true,"fileName":"cate.png","emoji":{"name":"cate","category":"Cats","aliases":[]}},{"downloaded":true,"fileName":"cat_woaa.gif","emoji":{"name":"cat_woaa","category":"Cats","aliases":[]}},{"downloaded":true,"fileName":"cat_vibing.gif","emoji":{"name":"cat_vibing","category":"Cats","aliases":[]}},{"downloaded":true,"fileName":"cat_spooky.png","emoji":{"name":"cat_spooky","category":"Cats","aliases":[]}},{"downloaded":true,"fileName":"cat_smug.png","emoji":{"name":"cat_smug","category":"Cats","aliases":[]}},{"downloaded":true,"fileName":"cat_sillyahh.png","emoji":{"name":"cat_sillyahh","category":"Cats","aliases":[]}},{"downloaded":true,"fileName":"cat_scream.png","emoji":{"name":"cat_scream","category":"Cats","aliases":[]}},{"downloaded":true,"fileName":"cat_sadder.png","emoji":{"name":"cat_sadder","category":"Cats","aliases":[]}},{"downloaded":true,"fileName":"cat_sad.png","emoji":{"name":"cat_sad","category":"Cats","aliases":[]}},{"downloaded":true,"fileName":"cat_rock.gif","emoji":{"name":"cat_rock","category":"Cats","aliases":[]}},{"downloaded":true,"fileName":"cat_maxwell.gif","emoji":{"name":"cat_maxwell","category":"Cats","aliases":[]}},{"downloaded":true,"fileName":"cat_happy.png","emoji":{"name":"cat_happy","category":"Cats","aliases":[]}},{"downloaded":true,"fileName":"cat_cringing.png","emoji":{"name":"cat_cringing","category":"Cats","aliases":[]}},{"downloaded":true,"fileName":"cat_catto.png","emoji":{"name":"cat_catto","category":"Cats","aliases":[]}},{"downloaded":true,"fileName":"postthiscat.png","emoji":{"name":"postthiscat","category":"Cats","aliases":[]}},{"downloaded":true,"fileName":"politecat.png","emoji":{"name":"politecat","category":"Cats","aliases":[]}},{"downloaded":true,"fileName":"cat_attack.gif","emoji":{"name":"cat_attack","category":"Cats","aliases":[]}},{"downloaded":true,"fileName":"catJAM.gif","emoji":{"name":"catJAM","category":"Cats","aliases":[]}},{"downloaded":true,"fileName":"cat_bounce.gif","emoji":{"name":"cat_bounce","category":"Cats","aliases":[]}},{"downloaded":true,"fileName":"cat_whatdahell.png","emoji":{"name":"cat_whatdahell","category":"Cats","aliases":[]}},{"downloaded":true,"fileName":"cat_typing.gif","emoji":{"name":"cat_typing","category":"Cats","aliases":[]}},{"downloaded":true,"fileName":"cat_swag.png","emoji":{"name":"cat_swag","category":"Cats","aliases":[]}},{"downloaded":true,"fileName":"cat_smirk.png","emoji":{"name":"cat_smirk","category":"Cats","aliases":[]}},{"downloaded":true,"fileName":"cat_sillycat.png","emoji":{"name":"cat_sillycat","category":"Cats","aliases":[]}},{"downloaded":true,"fileName":"cat_shocked.png","emoji":{"name":"cat_shocked","category":"Cats","aliases":[]}},{"downloaded":true,"fileName":"cat_sandwich.gif","emoji":{"name":"cat_sandwich","category":"Cats","aliases":[]}},{"downloaded":true,"fileName":"cat_pudding.png","emoji":{"name":"cat_pudding","category":"Cats","aliases":[]}},{"downloaded":true,"fileName":"cat_pointandlaugh.png","emoji":{"name":"cat_pointandlaugh","category":"Cats","aliases":[]}},{"downloaded":true,"fileName":"cat_plotting.png","emoji":{"name":"cat_plotting","category":"Cats","aliases":[]}},{"downloaded":true,"fileName":"cat_playtime.gif","emoji":{"name":"cat_playtime","category":"Cats","aliases":[]}},{"downloaded":true,"fileName":"cat_nothehe.png","emoji":{"name":"cat_nothehe","category":"Cats","aliases":[]}},{"downloaded":true,"fileName":"cat_newspaper.gif","emoji":{"name":"cat_newspaper","category":"Cats","aliases":[]}},{"downloaded":true,"fileName":"cat_hehe.png","emoji":{"name":"cat_hehe","category":"Cats","aliases":[]}},{"downloaded":true,"fileName":"cat_gatopet.gif","emoji":{"name":"cat_gatopet","category":"Cats","aliases":[]}},{"downloaded":true,"fileName":"cat_gamer.png","emoji":{"name":"cat_gamer","category":"Cats","aliases":[]}},{"downloaded":true,"fileName":"cat_funky.png","emoji":{"name":"cat_funky","category":"Cats","aliases":[]}},{"downloaded":true,"fileName":"cat_explode.gif","emoji":{"name":"cat_explode","category":"Cats","aliases":[]}},{"downloaded":true,"fileName":"cat_cronchy.gif","emoji":{"name":"cat_cronchy","category":"Cats","aliases":[]}},{"downloaded":true,"fileName":"cat_coffee.png","emoji":{"name":"cat_coffee","category":"Cats","aliases":[]}},{"downloaded":true,"fileName":"cat_chef.png","emoji":{"name":"cat_chef","category":"Cats","aliases":[]}},{"downloaded":true,"fileName":"cat_allmyfellas.gif","emoji":{"name":"cat_allmyfellas","category":"Cats","aliases":[]}},{"downloaded":true,"fileName":"cat_smoothdance.gif","emoji":{"name":"cat_smoothdance","category":"Cats","aliases":[]}},{"downloaded":true,"fileName":"cat_killsyou.gif","emoji":{"name":"cat_killsyou","category":"Cats","aliases":[]}},{"downloaded":true,"fileName":"cat_nono.gif","emoji":{"name":"cat_nono","category":"Cats","aliases":[]}},{"downloaded":true,"fileName":"cat_laundry.gif","emoji":{"name":"cat_laundry","category":"Cats","aliases":[]}},{"downloaded":true,"fileName":"cat_haircut.gif","emoji":{"name":"cat_haircut","category":"Cats","aliases":[]}},{"downloaded":true,"fileName":"cat_falling.gif","emoji":{"name":"cat_falling","category":"Cats","aliases":[]}},{"downloaded":true,"fileName":"cat_boowomp.gif","emoji":{"name":"cat_boowomp","category":"Cats","aliases":[]}},{"downloaded":true,"fileName":"cat_happy.gif","emoji":{"name":"cat_happy","category":"Cats","aliases":[]}},{"downloaded":true,"fileName":"cat_sad.gif","emoji":{"name":"cat_sad","category":"Cats","aliases":[]}},{"downloaded":true,"fileName":"cat_sulking.png","emoji":{"name":"cat_sulking","category":"Cats","aliases":[]}},{"downloaded":true,"fileName":"cat_sus.gif","emoji":{"name":"cat_sus","category":"Cats","aliases":[]}},{"downloaded":true,"fileName":"cat_stuck.gif","emoji":{"name":"cat_stuck","category":"Cats","aliases":[]}},{"downloaded":true,"fileName":"cat_ohnocringe.png","emoji":{"name":"cat_ohnocringe","category":"Cats","aliases":[]}},{"downloaded":true,"fileName":"cat_whaaa.png","emoji":{"name":"cat_whaaa","category":"Cats","aliases":[]}},{"downloaded":true,"fileName":"cat_cry.png","emoji":{"name":"cat_cry","category":"Cats","aliases":[]}},{"downloaded":true,"fileName":"cat_crythumbsup.png","emoji":{"name":"cat_crythumbsup","category":"Cats","aliases":[]}},{"downloaded":true,"fileName":"cat_shake.gif","emoji":{"name":"cat_shake","category":"Cats","aliases":[]}},{"downloaded":true,"fileName":"cat_catestab.gif","emoji":{"name":"cat_catestab","category":"Cats","aliases":[]}}]}