{"metaVersion":1,"host":"https://git.joinfirefish.org/firefish/emoji-gen","exportedAt":"2024-03-08T10:44:32.655237378-06:00","emojis":[{"downloaded":true,"fileName":"postthiscat.png","emoji":{"name":"postthiscat","category":"Cats","aliases":[]}},{"downloaded":true,"fileName":"rock.gif","emoji":{"name":"rock","category":"Cats","aliases":[]}},{"downloaded":true,"fileName":"sillyahh.png","emoji":{"name":"sillyahh","category":"Cats","aliases":[]}},{"downloaded":true,"fileName":"spookycat.png","emoji":{"name":"spookycat","category":"Cats","aliases":[]}},{"downloaded":true,"fileName":"vibecat.gif","emoji":{"name":"vibecat","category":"Cats","aliases":[]}},{"downloaded":true,"fileName":"cat_attack.gif","emoji":{"name":"cat_attack","category":"Cats","aliases":[]}},{"downloaded":true,"fileName":"woaa.gif","emoji":{"name":"woaa","category":"Cats","aliases":[]}},{"downloaded":true,"fileName":"cat_bite.gif","emoji":{"name":"cat_bite","category":"Cats","aliases":[]}},{"downloaded":true,"fileName":"cat_boop.gif","emoji":{"name":"cat_boop","category":"Cats","aliases":[]}},{"downloaded":true,"fileName":"cat_clown.png","emoji":{"name":"cat_clown","category":"Cats","aliases":[]}},{"downloaded":true,"fileName":"cat_meow.gif","emoji":{"name":"cat_meow","category":"Cats","aliases":[]}},{"downloaded":true,"fileName":"cat_no.gif","emoji":{"name":"cat_no","category":"Cats","aliases":[]}},{"downloaded":true,"fileName":"cat_stare.gif","emoji":{"name":"cat_stare","category":"Cats","aliases":[]}},{"downloaded":true,"fileName":"cat_wink.png","emoji":{"name":"cat_wink","category":"Cats","aliases":[]}},{"downloaded":true,"fileName":"catdance.gif","emoji":{"name":"catdance","category":"Cats","aliases":[]}},{"downloaded":true,"fileName":"cat_dance.gif","emoji":{"name":"cat_dance","category":"Cats","aliases":[]}},{"downloaded":true,"fileName":"maxwell.gif","emoji":{"name":"maxwell","category":"Cats","aliases":[]}},{"downloaded":true,"fileName":"catJAM.gif","emoji":{"name":"catJAM","category":"Cats","aliases":[]}},{"downloaded":true,"fileName":"sadcat.png","emoji":{"name":"sadcat","category":"Cats","aliases":[]}},{"downloaded":true,"fileName":"politecat.png","emoji":{"name":"politecat","category":"Cats","aliases":[]}},{"downloaded":true,"fileName":"cate.png","emoji":{"name":"cate","category":"Cats","aliases":[]}},{"downloaded":true,"fileName":"smugcat.png","emoji":{"name":"smugcat","category":"Cats","aliases":[]}},{"downloaded":true,"fileName":"happycat.png","emoji":{"name":"happycat","category":"Cats","aliases":[]}},{"downloaded":true,"fileName":"scremcat.png","emoji":{"name":"scremcat","category":"Cats","aliases":[]}},{"downloaded":true,"fileName":"catto.png","emoji":{"name":"catto","category":"Cats","aliases":[]}},{"downloaded":true,"fileName":"cringingcat.png","emoji":{"name":"cringingcat","category":"Cats","aliases":[]}},{"downloaded":true,"fileName":"saddercat.png","emoji":{"name":"saddercat","category":"Cats","aliases":[]}}]}